postId,likeCount,commentCount,pubDate,query,description,img_file,age,gender,smile,emo_anger,emo_disgust,emo_fear,emo_happiness,emo_neutral,emo_sadness,emo_surprise
2658926431561023500,168,8,2021-09-09T11:59:12.000Z,Jewel Changi Airport,ğŸ‘©ğŸ»â€ğŸ“ğŸ‘¨ğŸ»â€ğŸ“âœ¨,img/img_2658926431561023500.png,21.0,Male,100.0,0.0,0.001,0.0,99.99700000000001,0.002,0.0,0.0
2657872402807575000,1441,8,2021-09-08T01:05:02.000Z,Jewel Changi Airport,"âœ¨Jewel Changi Airportâœ¨
ğŸ“·Amazing view and post by @blushblushtomato
â €â €â €â €â €â €â €â €â €â €â €â €â €â €â €â €â €â €â €â €â €â €â €â €â €â €â €â €â €â €â €â €â €â €â €â €â €
âœˆMark your photo with tag #Singaporeworld and we`ll post it! â €â €â €â €â €â €â €â €â €â €â €â €â €â €â €â €â €â €â €â €â €â €â €â €â €â €â €â €â €â €â €â €
â €â €â €â €
#Singapore #exploresingapore #sglife #thisissingapore #topsgshots #singaporeinsiders #sgig #Vacations #asia_vacations #wonderfulworld #earthfocus #adventure #travelblog #atmosphere #beautifuldestinations #passionpassport #theprettycities #awesome_earthpix #bestvacations #tlpicks #natgeotravel #ExploreSingapore #wonderlustsingapore #thisissingapore #singaporeinsiders #visitsingapore #yoursingapore",,,,,,,,,,,
2657464141392206000,2832,113,2021-09-07T11:33:54.000Z,Jewel Changi Airport,"The HSBC Rain Vortex, an impressive display of water cascading down seven storeys at JEWEL, should be familiar to many. Iâ€™ve shared a couple of pictures of this worldâ€™s tallest indoor waterfall from different perspectives over the past two years. Have you visited Singapore and seen this waterfall before?
â€¢
Two more days to @sheinsingapore @sheinofficialâ€™s 9.9 sale! Are you ready for a shopping spree? Iâ€™m wearing the Love &amp; Lemonade Ditsy Floral Flounce Sleeve Split Thigh Dress in Green (SKU 3063175 / https://shein.top/v92kaoc). Use my code - jetsets - for an additional 15% off the SHEIN site.
â€¢
â€¢
â€¢
#SHEIN99sale #SHEINDressedToThe99s #SHEIN #SHEINasia #SHEINgals #LexSpreadHappiness #singapore #sgig #instagramsg #visitsingapore #travelblogger #travel #girlslovetravel #journeysofgirls #ootd #ootdsg #ootdfashion #ootdstyle #outfitoftheday #outfitinspiration #lookoftheday #fashion #sgfashion #fashionblogger #fashionista #lookbook #instafashion #instastyle #waterfall #waterfallphotography",img/img_2657464141392206000.png,29.0,Female,99.323,0.006999999999999999,0.019,0.23199999999999998,39.995,0.036000000000000004,59.70399999999999,0.006999999999999999
2656600921284573000,2,0,2021-09-06T06:59:20.000Z,Jewel Changi Airport,Beautiful Jewel amid the Pandemic. Stay strong and creative every oneğŸ¤©ğŸ¤—,,,,,,,,,,,
2652375162327390000,14039,41,2021-08-31T11:03:00.000Z,Jewel Changi Airport,"æˆ‘ä»¥ä¸ºæˆ‘çš„è„¸å¾ˆå«©ï¼Œç›´åˆ°æˆ‘åƒäº†è¿™ç¢—é±¼â€¦

@taiersingapore has been popular in China for 6 years now, and they have 300 outlets there! They opened their first store in Singapore recently and I got to try their signature è€å›å­é…¸èœé±¼ and it was so fresh and delicious! You HAVE to try it if you love é…¸è¾£ï¼Oh they also have some weird rules in which they ä¸åŠ è¾£ä¸å‡è¾£, and they claim the é…¸èœ is tastier than the fish. I cannot decide if that is true because I love both equally ğŸ¥°

Note that the restaurant is so packed now they are currently not accepting walkins. If you are interested, youâ€™ll have to make a reservation through their FB page (@taiersingapore) or contact them through WeChat: xjptaier/tjtaier3
#taiersingapore #å¤ªäºŒé…¸èœé±¼",img/img_2652375162327390000.png,30.0,Female,100.0,0.003,0.002,0.0,99.994,0.0,0.0,0.0
2655471865069735400,4475,19,2021-09-04T17:35:36.000Z,Jewel Changi Airport,My heart is divided into 6 pieces ğŸ¥° #theBaihakkis #SuperSix,img/img_2655471865069735400.png,42.0,Male,100.0,0.0,0.001,0.0,99.999,0.0,0.0,0.0
2658789289816876500,13,3,2021-09-09T07:26:59.000Z,Jewel Changi Airport,"If You're like it ğŸ¤©
.
.
.
Double tap â¤ï¸ and tag your friends â˜˜ï¸
. 
. 
. 
Ignore these hashtags like you ignore your studies:
#krish_pics1sec#naturephotography #nature #photography #naturelovers #photooftheday #landscape #travelphotography #travel #landscapephotography #photo #wildlife #naturelover #photographer #sunset #instagood #love #birds #picoftheday #instagram #wildlifephotography #perfection #beautiful #flowers #sky #canon #of #mountains #photooftheday",,,,,,,,,,,
2659868195372055000,2,0,2021-09-10T19:10:19.000Z,Jewel Changi Airport,,,,,,,,,,,,
2659726396926215700,181,18,2021-09-10T14:28:35.000Z,Jewel Changi Airport,"Sometimes you accidentally stumble into a magical moment and it makes your day a little brighter. 

It was awesome seeing this couple doing a photo shoot at the #jewelchangiairport (I wouldnâ€™t normally take a picture of random people but they were far away!)
Itâ€™s also nice to have a â€œjust say yes dayâ€ and do what your kid(s) wants to do. The eldest wanted to visit canopy park at the jewel and we enjoyed spending some focused time with her. When you canâ€™t travel, you can still at least visit the airport for some fun!",,,,,,,,,,,
2656750106278088700,1068,32,2021-09-06T11:55:14.000Z,Jewel Changi Airport,"We miss long, luxurious layovers at #changiairport in #Singaporeâ€”exploring, shopping, relaxing in the lounge. Hereâ€™s to #longhaultravel and the joy of #jetlag.",,,,,,,,,,,
2661731288750568000,5,1,2021-09-13T08:51:57.000Z,Jewel Changi Airport,"â€œThe more I use them, the better my skin feels overtime! Even when I am sleep deprived, my skin is more ğ«ğğ¬ğ¢ğ¥ğ¢ğğ§ğ­ and not as reactive anymore. Thank you SAY!â€ 

- Brielle (a very ğ’‰ğ’‚ğ’‘ğ’‘ğ’š and ğ’ğ’ğ’šğ’‚ğ’ customerğŸ¥°)

#saymicrobiomeseries #sayradianceseries",,,,,,,,,,,
2661712682307513000,50,13,2021-09-13T08:14:59.000Z,Jewel Changi Airport,"Jewel Changi airport is still as beautiful as usual, the only imperfect is that I can not fly ğŸ˜–âœˆï¸

æ¥åˆ°æœºåœºä¸èƒ½é£ï¼Œå¥½æƒ³å¿µä¸Šæµ·å•Šâ€¦

.
.
.
.
.

#jewelchangiairport #changiairport #singaporeinsiders #exploresingapore #exploresg #airport #singaporephotography #sgootd #sglife #visitsingapore",,,,,,,,,,,
2661709162966638000,13,0,2021-09-13T08:08:00.000Z,Jewel Changi Airport,13092021 pm #Nghuahow  #malaysian #singapore #singaporelife #longchamp #louisvuittonbag #louisvuitton #zara #zaramen #Selfie #selfietime #selfieToilet #toilet,img/img_2661709162966638000.png,23.0,Male,11.417,0.636,0.636,5.439,72.306,1.42,4.587,14.977
2661694862548729300,1,0,2021-09-13T07:39:35.000Z,Jewel Changi Airport,,,,,,,,,,,,
2661683723507112400,0,0,2021-09-13T07:17:27.000Z,Jewel Changi Airport,Featuring summer cotton suits in sizes:M-L-XL-2XL -3XLğŸ“©Dm To OrderğŸ“© #hunardesigns #punjabisuits #punjabisuit #punjabifashion #desifashion #salwarsuits #salwar #shararasuit #bajumuslim #summerfashion #salwarkameez #ootd #outfitoftheday #bajumurah,img/img_2661683723507112400.png,24.0,Female,99.35799999999999,0.001,0.001,0.001,99.432,0.565,0.001,0.001
2661651272076603400,32,3,2021-09-13T06:12:58.000Z,Jewel Changi Airport,"Standing 40 metres tall with water cascading down from the dome-shaped roof of Jewel Changi Airport (Jewel),Â the HSBC Rain VortexÂ is the world's tallest indoor waterfall. This architecture marvel has been a centre of attention for many since Jewel opened doors in April 2019.
.
ğŸ“¸ #minoltax700 / ğŸ“¸ #superiaxtra400 
.
.
#filmisnotdead #35mm #35mmfilm #the35mmdiary #filmphotography #grainisgood #filmisalive #theanalogclub #infilmwetrust #filmwave #buyfilmnotmegapixels #sharefilm #shootfilmstaybroke #filmcommunity #shootfilmmag #savefilm #shootfilm #filmwave #thepassionliveson #borninfilm #shootbeyondborders #thedaily35mm #filmdump #theanalogclub #byofilm #filmresurgence #analoguepeople #thefilmstead #singaporeonfilm #jewelchangiairport",,,,,,,,,,,
2661600374196376600,118,3,2021-09-13T04:31:51.000Z,Jewel Changi Airport,"Stand tall, stand proud. Even if it means standing alone in this harsh world ğŸ’€â˜ ï¸|
#nickeugenius",img/img_2661600374196376600.png,22.0,Male,0.003,0.032,0.012,0.012,0.013999999999999999,5.164,0.28300000000000003,94.48299999999999
2661594355877146000,7,0,2021-09-13T04:19:53.000Z,Jewel Changi Airport,,,,,,,,,,,,
2661590381057504000,7,2,2021-09-13T04:12:00.000Z,Jewel Changi Airport,Pas kae mbi kae kae ng kono kae,img/img_2661590381057504000.png,47.0,Female,22.588,5.09,0.212,0.212,14.392000000000001,7.468999999999999,4.051,68.575
2661584469608148000,1373,4,2021-09-13T04:00:24.000Z,Jewel Changi Airport,"Looking for a romantic and picture-perfect place for your solemnisation or wedding reception? Join us at the @jewelchangiairport bridal showcase to get an exclusive tour of our stunning venues, which will be fully decked up to give a sneak preview of how captivating your wedding can be.

From gorgeous floral styles, unique wedding favours to delectable menus, speak to our wedding specialists on how we can make your dream wedding come true! ğŸ¥° 

Tap on our link in bio to sign up now! ğŸŠ 

P.S. Couples attending this showcase enjoy exclusive limited-time perks!

#WeddingsatChangi #JewelChangiAirport",img/img_2661584469608148000.png,49.0,Female,26.835,10.076,1.0959999999999999,0.2,0.2,71.308,0.368,16.750999999999998
2661566170545927700,14,2,2021-09-13T03:24:08.000Z,Jewel Changi Airport,"My love for water!!!ğŸ˜
.
.
.
.
.
.
#jewel #waterfall #changijewel #babyboss #babyboystagram #babysofinsta #babysofinstagram #babyboy #walkingbaby #julienpohyk",,,,,,,,,,,
2661545562287127000,16,2,2021-09-13T02:42:57.000Z,Jewel Changi Airport,"Gochi-So ShokudoğŸ“Jewel Changi Airport
.
This restaurant specialises in Iberico pork ğŸ· so all their dishes feature this ingredient! In the menu, you'll see many kinds of ""don"" such as pork belly, shoulder, collar, jowl etc. There's a page on the many that helps to explain each cut so not to worry! 
.
I chose the Iberico Belly Don, which was only $10 â˜º super value for money in my opinion! Comes with an onsen egg and a good amount of meat. 
.
Also chose to top up an additional $6 for the set meal because I was super hungry that day ğŸ˜†. There's 2 types of sets ($5 for 2 sides, $6 for 3 sides). I got the kimchi pork, iberico miso soup and a soft drink. 
.
Kimchi pork was actually really good ğŸ’¯, shared with the fam and they liked it very much too haha. The kimchi is fresh, crunchy and has that tang and spiceğŸŒ¶ğŸ¥¬. A good kimchi i must say (from a self proclaimed kimchi connosieur ğŸ¤ªğŸ§). It also came with some slices of meat which had a nice grilled taste. ğŸ¥“
.
The miso soup is your typical miso soup + 1-2 slices of pork, not much to say about it but i guess its good to have it to balance out the meatiness of the meal hehe. ğŸ¥£
.
Tried the crispy pork too (my other family members got this as their side) and to be honest, there's nothing nice about it. As the name says, its just crispy pork. Looks like a chicken karaage, but its kind of tasteless and in fact has a porky taste ğŸ¥´. Something good about this though is that the pieces of pork were quite generous and meaty, not like the ones just filled with flour. Clearly the winner is the kimchi pork! ğŸ†ğŸ¥¬ğŸŒ¶ğŸ¥“
.
.
.
.
.
.
.
.
.
.
#sgfoodies #sgfood #foodstagram #foodiesofsg #sgfooddiary #sgeats #sgfood #sgfoodreview #sgfoodblogger #instafoodsg #sgfoodtrend",,,,,,,,,,,
2661534587521339000,120,4,2021-09-13T02:21:09.000Z,Jewel Changi Airport,"All ready for the Mid-Autumn Festivalâ€¦

Jewel Changi Airport
Singapore ğŸ‡¸ğŸ‡¬ 
.
.
.
#singapore #visitsingapore #passionmadepossible #singaporeworld #changiairport #travel #instagood #photography #asia #sg #travelphotography #travelgram #igsg #wanderlust #yourshotphotographer #sgig #instadaily #beautiful #instatravel #architecture #travelblogger #holiday #ã‚·ãƒ³ã‚«ã‚™ãƒ›ã‚šãƒ¼ãƒ« #city #á„‰á…µá†¼á„€á…¡á„‘á…©á„…á…³ #jewelthroughmyeyes #airport #jewel #changijewel #shotoniphone",,,,,,,,,,,
2661494239893209600,132,60,2021-09-13T01:00:59.000Z,Jewel Changi Airport,"[GIVEAWAY ALERT]
For those of you who love Yuzu, we have got a wider assortment of Yuzu flavoured products this month for you! We're giving away $30 worth of NOMONO vouchers to three lucky winners each this week! 
ğŸ‹
Simply do the following to participate in this giveaway:
1. Follow us on Instagram
2. Like this post and tag 2 friends!
3. Tell us your favourite Yuzu product in the comments down below (ours is the JA UMAJIMURA â€Gokkun"" Yuzu Honey Drink!) 

Find your favourite Yuzu foods and drinks at https://shp.ee/prc6tj8 or via the link in bio â€“ get 5% all Yuzu products both in-store and on our @shopee_sg store from now till 30 Sep 2021 ğŸ¥³

Contest ends 19 Sep 2021, 2359. T&amp;Cs apply. 

. 
. 
. 
. 
#JW360sg #JW360 #JW360Nomono #Nomono #jewelsg #tasteofjapan #inspireyoursenses #luckydraw #giveaway #sggiveaway #yuzu",,,,,,,,,,,
2648149143107002000,198,8,2021-08-25T15:06:39.000Z,Universal Studios Singapore,"ğŸŒŒ
.
.
.
.
.
.
.
#throwback #picoftheday #travelintern #marinabaysands #mbs #marinabay #artsciencemuseum #artsciencemuseumsingapore #futureworld #tb #airjordan #jordan #airjordanwomen #shotoniphone #ootd #tbt #museum #singapore #singaporemuseum #art #marinabaysingapore #oxstreetfavorites #oxstreet #nike #nikeairjordan",,,,,,,,,,,
2636498125235666000,451,1,2021-08-09T13:18:10.000Z,Universal Studios Singapore,âœ¨,,,,,,,,,,,
2658907955752044000,810,9,2021-09-09T11:23:06.000Z,Universal Studios Singapore,"#VirtualRealmsASM IS AMAZING!!!!! Theyâ€™re having a super worth it promo from Mon to Thurs starting 13 Sep, tickets from $6.30! Theyâ€™re already on sale and itâ€™s for a limited time only.
 
Not kidding but my experience there was not only fun, it was fulfilling and also kinda spiritual. Working with some friends to activate a musical was so surreal and immersive! I felt so at ease and connected with myself, also just happy to be there with my best friend. x 
 
Itâ€™s the perfect interactive experience no matter who you go with, yâ€™all gotta drop by @artsciencemuseumsg and give yourself a break! â™¥ï¸ #ADifferentKindOfMuseum #Sp",img/img_2658907955752044000.png,25.0,Female,100.0,0.013999999999999999,0.154,2.021,97.236,0.013999999999999999,0.253,0.308
2650199817149884000,765,6,2021-08-28T11:00:59.000Z,Universal Studios Singapore,"ğŸ”¥ğŸ”¥Destinasi Favorit di Singapura, Save This Post! ğŸ”¥ğŸ”¥

ğŸ”¥ğŸ”¥Beberapa atraksi Singapura sudah dibuka kembali untuk umum. Namun ada beberapa regulasi baru untuk pengunjung. Salah satunya adalah ArtScience Museum Singapore. 

Apa saja nih yang perlu diperhatikan oleh calon pengunjung: 

ğŸ’ŸTiket dibeli secara online
ğŸ’ŸKelompok yang diizinkan maksimal 2 orang
ğŸ’ŸKapasitas pengunjung hanya 25% saja
ğŸ’ŸTetap patuh prokes (menggunakan masker, jaga jarak)
ğŸ’ŸFully vaccinated mungkin dibutuhkan sebagai salah satu syarat

Siapa nih #SGB_Family yang belum pernah explore museum instagramable dan super keren satu ini? 
Save this post untuk rekomendasi liburan kamu di Singapura selanjutnya, ya!

ğŸ’ŸğŸ’ŸAmazing pic by @gracestpetite ğŸ’ŸğŸ’Ÿ

#TravelWithSGB #CityTourWithSGB
#MySecretSingapore #weekendersg
#singaporedestination #singaporecityexplore
#singaporeworld #visitsingapore
#singaporeinsiders #letsexploresg
#singaporecity #singaporelife
#singaporeforeveryone #gofindsg
#wonderlustsingapore #thetravelin
#whatissingapore #thisissingapore #museumoficecream
#exploresingapore #sgarchitecture
#sggrammers #TSLfeatures #sgb_family #sunsetsingapore #helixbridge #universalstudiosingapore #museumicecream",,,,,,,,,,,
2654433216795875000,3,0,2021-09-03T07:12:03.000Z,Universal Studios Singapore,,img/img_2654433216795875000.png,38.0,Male,36.302,1.4909999999999999,80.934,0.19,9.955,5.335,0.19,1.9040000000000001
2656073419355198000,330,0,2021-09-05T13:30:47.000Z,Universal Studios Singapore,"ğŸ“¸: @chloetwl I No brighter light than the light that shines within you ğŸ’! Our weekend is complete with @chloetwlâ€™s dazzling capture of Crystal Universe at Future World. 

#FutureWorldASM #FutureWorld #ArtScienceMuseum #photooftheday",,,,,,,,,,,
2653211387350186000,426,25,2021-09-01T14:44:26.000Z,Universal Studios Singapore,"Go where the stars take you âœ¨

Thank you @bentkr for patiently helping to take this shot ğŸ˜ while waiting for the lights to change a gazillion times âœ¨ilyâ¤ï¸

Feeling so so happy today after a zoom call with @snauw hehehe!! ğŸ˜ğŸ˜˜â¤ï¸wishing we can meet up again soon, hopefully by next year dear! â¤ï¸
â€¢
â€¢
â€¢
â€¢
â€¢
ğŸ“·: @bentkr 
#chloewlootd #birthdayescape #artsciencemuseum #becauseweventuresg #exploresg",,,,,,,,,,,
2636483937993450000,588,6,2021-08-09T13:07:02.000Z,Universal Studios Singapore,"HAPPY NATIONAL DAY: From old world charm to modern architectural icons, reacquaint yourself with our sleek city of contrasts in a series of three videos celebrating Singapore. #NationalDay #Singapore #VogueSingapore 

Editor-in-Chief: @musingmutley
Director: @glennyourfriend
Director of Photography: @alvinchoon
Fashion Director: @monkiepoo
Digital Creative Producer: @vanessa.caitlin
Hair and makeup: @makeup_by_fionab
Manicure: @audrilious
Model: @fionafussi
Production: @mlctv
Wardrobe: @tods

Special thanks to @artsciencemuseumsg",img/img_2636483937993450000.png,24.0,Female,0.002,0.046,0.004,0.002,0.017,99.921,0.006,0.004
2640044187757328000,69,0,2021-08-14T10:43:33.000Z,Universal Studios Singapore,"The crystal universe is still up at the Art Science museum 
#singapore",,,,,,,,,,,
2653147617663895000,52,3,2021-09-01T12:37:44.000Z,Universal Studios Singapore,Dancing in the rain of the arriving hurricane ğŸŒ€ at least itâ€™s gonna be a beautiful mess,,,,,,,,,,,
2657348788815151000,3,0,2021-09-07T07:44:42.000Z,Universal Studios Singapore,,,,,,,,,,,,
2651002715685996000,132,1,2021-08-29T13:36:27.000Z,Universal Studios Singapore,"If you could describe the installation at the realm of Unity in one word, what would it be? Ours would be â€œJaw-droppingâ€. 

A huge thank you to @nicolealano for capturing Unity so beautifully! â¤ï¸

#VirtualRealms #VirtualRealmsASM #ArtScienceMuseum #videogames",,,,,,,,,,,
2655790446315621000,967,5,2021-09-05T04:08:34.000Z,Universal Studios Singapore,"ğŸ¶ La di da di da la di da di di ğŸ¶

P.S. Anyone wanna go on a museum date with me? ğŸ˜Œ

ğŸ“·: @heymilim 

#ArcadeInsider",img/img_2655790446315621000.png,26.0,Male,58.541000000000004,2.3890000000000002,0.08199999999999999,0.4,0.239,96.788,0.051,0.051
2658195955418700000,231,5,2021-09-08T11:49:45.000Z,Universal Studios Singapore,its our world ğŸ§¸ğŸ¤,,,,,,,,,,,
2657918814718916000,732,4,2021-09-08T02:37:15.000Z,Universal Studios Singapore,Transcending - Immerse yourself in a world full of colour and just a little magic âœ¨,,,,,,,,,,,
2661741645160297500,36,0,2021-09-13T09:16:41.000Z,Universal Studios Singapore,feelin like a crisp bagel on my day off in @somethingthold &amp; @indosole_sg ğŸ¥¯,img/img_2661741645160297500.png,24.0,Female,11.863,0.493,1.431,0.099,51.074,0.099,1.966,44.838
2661733075767405000,1,0,2021-09-13T08:55:30.000Z,Universal Studios Singapore,"Interested to find out more about the future of the gaming industry in Singapore? Hear from industry experts in this two-day conference that @artsciencemuseumsg organized in collaboration with Singapore Games Association. Day One focuses on creativity and innovation in the local game development scene and three of our graduates - Desmond Wong, Shawn Toh, and Syarah Mahmood - will be part of the panel discussion. Tune in to hear what they have to say!

Register now: https://rebrand.ly/FutureGamingConference
#digipensingapore #gamedevelopment #gamedev #gamedevlife #gamedesign #digitalartist #indiegamedev #technology #artsciencemuseum",img/img_2661733075767405000.png,31.0,Male,99.99700000000001,0.03,0.016,0.332,99.522,0.092,0.003,0.003
2661731695069559000,1,0,2021-09-13T08:53:23.000Z,Universal Studios Singapore,"So whether you eat or drink or whatever you do, do it all for the glory of God. 

1 Corinthians 10:31. When you bring God into your healthy eating, it changes everything. Striving to honor Him in your food and drink choices will bring not only a heart change, but it will also change your choices.

BNG health run 2012
Be active be healthy Letâ€™s run as a Brotherâ€™s and Sisterâ€™s 
APO runnerâ€™s Singapore (charot lang)âœŒï¸ğŸ¤ªâ¤ï¸",,,,,,,,,,,
2661682892222448600,10,4,2021-09-13T07:15:48.000Z,Universal Studios Singapore,Having fun at Singapore art museum.,,,,,,,,,,,
2661668917446390300,7,0,2021-09-13T06:49:16.000Z,Universal Studios Singapore,"Step into the Future World: Where Art Meets Science, Exhibtion.
@artsciencemuseumsg 
@marinabaysands 

Welcome to a world of fantasy, illustration and magical through a collection of digital interactive environment. 

Future World comprised of artworks and interactive environment of digital technology in a playful reality.

Now showing:
www.marinabaysands.com/museum/exhibitions/future-world.html 

Daily: 10am-7pm
(Last entry at 6pm)

You can book your tickets:
www.marinabaysands.com/museum/ticket.html 

#ArtScienceMusuem
#MarinaBaySands
#futureworld #exhibition #cityinagarden #sanctuary #park #space #tour #interactive #musuem #supportlocal #supportlocaltourism #singapore #singaporecity #singaporecitycentre",,,,,,,,,,,
2661549319689067000,17,1,2021-09-13T02:50:25.000Z,Universal Studios Singapore,"New week again, happy Monday ğŸ¥°
âœ¨Once you figure out who you are and what you love about yourself, it all kindof falls into place :)
.
.
.
#yoga #yogasg #yogagirl #happymonday #yogaposes #standingsplit #flexibility #yogisofinstagram #yogaeverywhere #yogaloversâ¤ï¸ #ç‘œä¼½ #ç‘œä¼½å¥³å­© #viviwithyou #ustudiosg",img/img_2661549319689067000.png,23.0,Female,91.834,0.05,0.05,2.334,94.522,0.341,0.05,2.654
2661281663937165000,20,0,2021-09-12T17:58:38.000Z,Universal Studios Singapore,"Letters Reflection 

ğŸ“¸Zany_Photos",,,,,,,,,,,
2661268017522407400,0,0,2021-09-12T17:31:31.000Z,Universal Studios Singapore,,,,,,,,,,,,
2661252502476689400,124,1,2021-09-12T17:00:41.000Z,Universal Studios Singapore,#LilieWodne ğŸŒ·ğŸƒ // #WaterLily,,,,,,,,,,,
2661248564231233000,28,1,2021-09-12T16:52:52.000Z,Universal Studios Singapore,""" you showed me ... that love can exist in th most imperfect, lost and broken people. "" // just my fav photo to date w my fav person, unquestionably!",img/img_2661248564231233000.png,30.0,Female,99.992,0.091,0.004,0.004,99.55,0.188,0.004,0.159
2661195719561439700,15,5,2021-09-12T15:07:52.000Z,Universal Studios Singapore,"#sunset run for todayâ€¦ ğŸŒ‡ğŸƒğŸ»â€â™€ï¸

#singapore #sg #instaphoto #garden #jogger #littlereddot #instacity #city #citygarden #goodevening #sports #marinabaysands #cbd #running #walking #jogging #architecture #architecturephotography #skyline #artsciencemuseum #reflection #travelphotography #traveling #travelgram #lotus #flowers #nofilter #nightlife #citylife",,,,,,,,,,,
2661195443960483300,77,1,2021-09-12T15:07:19.000Z,Universal Studios Singapore,"The wait is over
The time is now, so let's do it right
Yeah, we'll keep going
And stay up until we see the sunrise
-permission to dance
ğŸ“¸ @ellysafebywardhani",img/img_2661195443960483300.png,39.0,Female,85.63600000000001,0.13,0.263,0.035,3.9530000000000003,95.09,0.035,0.495
2659776907532264400,334,21,2021-09-10T16:08:57.000Z,Merlion Park,"â€œYou must convince your heart that whatever Allah has decreed is most appropriate and most beneficial for you.â€ - Imam Al Ghazali 

#night #dark #time #light #nature #creation #sky #island #ocean #sea #insta #instagram #instagood #instadaily #instalike #love #beauty #beautiful #islam #muslim #ummah #earth #singapore #bangladesh #dhaka #savepalestine #freepalestine ğŸ‡µğŸ‡¸",img/img_2659776907532264400.png,27.0,Male,5.095,0.519,10.957,19.347,48.09,17.641,2.925,0.519
2658062330697723000,227,5,2021-09-08T07:22:23.000Z,Merlion Park,Iâ€™d be lion if I said I wasnâ€™t happy,img/img_2658062330697723000.png,26.0,Female,100.0,0.0,0.0,0.0,99.999,0.0,0.0,0.0
2641600258578477000,543,233,2021-08-16T14:15:11.000Z,Merlion Park,"Do you know how many Merlion statues 
we have in Singapore? ğŸ¦ 
ã€‚ã€‚ã€‚ã€‚ã€‚ã€‚ã€‚ã€‚ã€‚ã€‚ã€‚ã€‚ã€‚ã€‚ã€‚ã€‚ã€‚ã€‚ã€‚ã€‚ã€‚

Singaporeâ€™s National icon, the mythical Merlion with a head of a lion &amp; a body of a fish. The Merlion head symbolises Singaporeâ€™s humour beginnings of a fish village while itâ€™s head represents Singaporeâ€™s original name Singapura or â€œLion Cityâ€ (in Malay)

The Merlion is a sight that you simply canâ€™t miss when in Singapore ğŸ‡¸ğŸ‡¬

There are 6 Merlion statues in Singapore which are approved by SIngapore Tourism Board. They can be found in 

ğŸ“2 @ Merlion park 
ğŸ“1 @ peak of Mount Faber 
ğŸ“1 @ STB headquarters in Grange Road
ğŸ“2 @ heartland in Ang Mo Kio Ave 1 
ã€‚
ã€‚
ã€‚
ã€‚
ã€‚
ã€‚
ã€‚
ã€‚
ã€‚
ğŸ¦
ã€‚
ã€‚
ã€‚
ã€‚
ğŸ¦
ã€‚
ã€‚
ã€‚
ã€‚
ã€‚
ã€‚
ã€‚
ã€‚
ã€‚
ã€‚
ã€‚
#visitsingapore #thisissingapore #exploresg #singaporeinsiders #travelsg #singaporeinsta #asiantraveller #sgtravel #discoversg #girlswhoexplore #girlstraveler #journeysofgirls #girlaroundworld #wearethetravelgirls #wanderlustsingapore #singaporeicon #merlionpark #touristspot #hellosingapore #æ–°åŠ å¡ #æ–°åŠ å¡æ™¯é» #é±¼å°¾ç‹®",,,,,,,,,,,
2653175255023401500,214,2,2021-09-01T13:32:38.000Z,Merlion Park,"Gratitude is the open door to abundance ğŸŒº
.
.
ğŸ“· @f_milady
#grateful #faith #hope",,,,,,,,,,,
2655826045957333500,3,0,2021-09-05T05:19:57.000Z,Merlion Park,#merlion #singapore @visit_singapore,,,,,,,,,,,
2656576810957313000,50,2,2021-09-06T06:10:55.000Z,Merlion Park,"Cute Merlion ğŸ¦

#merlion #merlionpark #marinabaysands #singapore #beautiful #travel #travelphotography #trip #æ—…è¡Œ #ã‚·ãƒ³ã‚¬ãƒãƒ¼ãƒ« #ãƒãƒ¼ãƒ©ã‚¤ã‚ªãƒ³ #ãƒãƒªãƒ¼ãƒŠãƒ™ã‚¤ã‚µãƒ³ã‚º #ã‚·ãƒ³ã‚¬ãƒãƒ¼ãƒ«ã¯ã“ã“ãŒä¸€ç•ªå¥½ã",,,,,,,,,,,
2643081850964460000,339,0,2021-08-18T15:18:51.000Z,Merlion Park,"Hope is that thing inside us that insists, despite all the evidence to the contrary, which something better awaits us if weâ€™ve the courage to reach for it, to work for it, and to fight for it, which youâ€™ll reach a place where you want to be eventually. Wish me all the best. ğŸ˜Š 
#best",,,,,,,,,,,
2656535154983949300,3,0,2021-09-06T04:48:10.000Z,Merlion Park,Gotta do it ğŸ‡¸ğŸ‡¬ğŸ˜,img/img_2656535154983949300.png,22.0,Female,96.395,0.006,0.006,0.006,0.354,99.098,0.006,0.523
2641565435974010000,522,46,2021-08-16T13:06:00.000Z,Merlion Park,Next chapter,,,,,,,,,,,
2656692775710836000,1442,27,2021-09-06T10:01:20.000Z,Merlion Park,"ã€ãƒãƒªãƒ¼ãƒŠãƒ™ã‚¤ã‚µãƒ³ã‚ºã€‘

ã‚·ãƒ³ã‚¬ãƒãƒ¼ãƒ«ã¨ã„ãˆã°ã®ã€ãƒãƒªãƒ¼ãƒŠãƒ™ã‚¤ã‚µãƒ³ã‚ºã€ã€‚

å‘ã‹ã„ã«ã‚ã‚‹ãƒãƒ¼ãƒ©ã‚¤ã‚ªãƒ³å…¬åœ’ã‹ã‚‰æ’®ã£ã¦ã¿ã¾ã—ãŸğŸ“·

å¤©æ°—ãŒè‰¯ã‹ã£ãŸã®ã§é’ç©ºã«ã‚ˆãæ˜ ãˆã‚‹ã€‚
ã‚‚ã¡ã‚ã‚“å¤œã‚‚ãƒ©ã‚¤ãƒˆã‚¢ãƒƒãƒ—ã•ã‚Œã¦ç¶ºéº—ã§ã™â˜ºï¸

#ã‚·ãƒ³ã‚¬ãƒãƒ¼ãƒ«ç”Ÿæ´» #ã‚·ãƒ³ã‚¬ãƒãƒ¼ãƒ«åœ¨ä½ #ã‚·ãƒ³ã‚¬ãƒãƒ¼ãƒ«ãƒ©ã‚¤ãƒ• #ã‚·ãƒ³ã‚¬ãƒãƒ¼ãƒ«æ—…è¡Œ #æ—…ã‚¹ã‚¿ã‚°ãƒ©ãƒ  #æ—…å¥½ãå¥³å­ #ã‚·ãƒ³ã‚¬ãƒãƒ¼ãƒ«è¦³å…‰ #ãƒãƒ¼ãƒ©ã‚¤ã‚ªãƒ³ #ãƒãƒ¼ãƒ©ã‚¤ã‚ªãƒ³å…¬åœ’ #ãƒãƒªãƒ¼ãƒŠãƒ™ã‚¤ã‚µãƒ³ã‚º #å†™çœŸã‹ã‚‰è¦‹ã¤ã‘ã‚‹æ—… #ã‚·ãƒ³ã‚¬ãƒãƒ¼ãƒ«æš®ã‚‰ã— #å¤§äººå¥³å­æ—… #staywayå¥³å­æ—… #ã‚·ãƒ³ã‚¬ãƒãƒ¼ãƒ«åœ¨ä½æ—¥æœ¬äºº #æµ·å¤–åœ¨ä½ã®äººã¨ç¹‹ãŒã‚ŠãŸã„ #æ—¥æœ¬ãŒæ‹ã—ã„ #é€±æœ«ãƒˆãƒ©ãƒ™ãƒ©ãƒ¼ #æœ‰çµ¦ãƒˆãƒ©ãƒ™ãƒ©ãƒ¼ #ã‚·ãƒ³ã‚¬ãƒãƒ¼ãƒ«ã‚¤ãƒ³ã‚¹ã‚¿æ˜ ãˆ #ã‚·ãƒ³ã‚¬ãƒãƒ¼ãƒ«ã‚¤ãƒ³ã‚¹ã‚¿æ˜ ãˆã‚¹ãƒãƒƒãƒˆ #singaporeinsiders #å°æŸ„å¥³å­ #ä½èº«é•·å¥³å­ #ã‚·ãƒ³ã‚¬ãƒãƒ¼ãƒ«è¡—æ­©ã #marinabaysands #mbssingapore",,,,,,,,,,,
2644538304808361500,634,14,2021-08-20T15:32:59.000Z,Merlion Park,"Letâ€™s keep moving forward together ğŸ˜‰â¤ï¸â€ğŸ”¥ä¸€ç·’ã«å‰ã«ã™ã™ã‚‚ã†ï¼ğŸ”¥

#gotcharun",img/img_2644538304808361500.png,21.0,Female,97.98299999999999,0.002,0.002,0.002,0.325,0.02,99.646,0.002
2658062357691279000,11,2,2021-09-08T07:22:26.000Z,Merlion Park,,,,,,,,,,,,
2655460641825309700,48,1,2021-09-04T17:13:18.000Z,Merlion Park,"ãƒ¯ã‚¯ãƒãƒ³å¸°ã‚Šã«å®šç•ªã®ã¨ã“ã‚ã§ğŸ¤³ğŸ’™ğŸ’™

After got vaccination, at Merlion Park

#ã‚·ãƒ³ã‚¬ãƒãƒ¼ãƒ«#ã‚·ãƒ³ã‚¬ãƒãƒ¼ãƒ«åœ¨ä½#ã‚·ãƒ³ã‚¬ãƒãƒ¼ãƒ«åœ¨ä½æ—¥æœ¬äºº #singapore#ãƒãƒ¼ãƒ©ã‚¤ã‚ªãƒ³#ãƒãƒ¼ãƒ©ã‚¤ã‚ªãƒ³ãƒ‘ãƒ¼ã‚¯ #merlionpark#æµ·å¤–#æµ·å¤–ç”Ÿæ´»#æµ·å¤–ç§»ä½#æµ·å¤–åœ¨ä½#æ•£æ­©æ—¥å’Œ#æ•£æ­©å†™çœŸ#æ•£æ­©å¥½ã#é§å¦»#é§å¦»ãƒ©ã‚¤ãƒ•#é§å¦»ç”Ÿæ´»#é§å¦»ã•ã‚“ã¨ä»²è‰¯ããªã‚ŠãŸã„",img/img_2655460641825309700.png,40.0,Female,99.977,12.83,0.027999999999999997,0.027999999999999997,86.425,0.2,0.027999999999999997,0.46
2657807365457713700,365,5,2021-09-07T22:55:49.000Z,Merlion Park,"Sama seperti atlit binaragawan tidak akan mengangkat beban melebihi batas kemampuannya. Tuhan juga berkata bahwa DIA tidak akan menguji kita melebihi batas kemampuan kita.

Apa proses dalam hidupmu saat ini? Ikutilah prosesnya Tuhan, jalani dengan kerendahan hati, miliki hati yang siap dibentuk, andalkan Tuhan. Apa yg tdk pernah dilihat, didengar dan timbul dalam hatimu akan Tuhan sediakan. God bless u allğŸ˜‡
.
.
.
#dedilesquotes #kitapunyatjerita #togetherwecan #dontworry #couple #iloveyou #mylovelyhusband #godisourstrength #faith #godisgoodallthetime #instapicture #instalove #quotes #togetherness #quotesoftheday #singapore #visitsingapore",img/img_2657807365457713700.png,41.0,Male,99.068,0.013999999999999999,0.017,0.633,18.07,4.831,0.013999999999999999,76.421
2656005085067722000,658,52,2021-09-05T11:15:00.000Z,Merlion Park,"THE LION CITYğŸ¦

#poornimaspeakz #sharani_here #merlion #singaporeğŸ‡¸ğŸ‡¬",img/img_2656005085067722000.png,22.0,Female,31.586,0.073,0.33899999999999997,11.338,32.478,55.482,0.145,0.145
2661739251520292000,11,0,2021-09-13T09:07:46.000Z,Merlion Park,"Sightseeing Sunday with @n_eunos 

ğŸš²ğŸ“¸

#instamoment #instagood #instadaily #instalike #likeforlikes #like4likes #cycling #cyclinglife #ride #gravelbikes #gravelbike #polygonbikes #polygonbendr2 #singapore",img/img_2661739251520292000.png,48.0,Male,99.99,0.037000000000000005,0.003,0.003,96.178,3.7710000000000004,0.004,0.003
2661684536740810000,8,0,2021-09-13T07:19:04.000Z,Merlion Park,"Hasil melancOng kemaren .2th bkrja untk yg prtma x y,,melancong jauh..ğŸ¥°ğŸ’ªğŸ¿",img/img_2661684536740810000.png,34.0,Female,100.0,0.001,0.027000000000000003,0.008,99.954,0.001,0.006999999999999999,0.001
2661576097323576300,1,1,2021-09-13T03:43:37.000Z,Merlion Park,,,,,,,,,,,,
2661565317741996000,10,1,2021-09-13T03:22:12.000Z,Merlion Park,"Dear GODâ€¦
Please keep our families and loved ones safe during this unique situation we have! Watch over usâ€¦ And cover us with your love! Shower us with good health, grace, mercy, and joy! Remove any worry, fear and doubt in our hearts!â™¥ï¸ 

Comfort us Lord God esp for those who's hurtingâ€¦
so many people already died and many are still suffering... 
Itâ€™s very heartbreaking to see posts/stories with friends 
changing their profile photos to candles and black images, 
a post of grievance and loss. Please take this plague, 
this Covid away, Lord.. and Grant each one of us 
a sense of repentance and care for one another... 
We know po that everything happens for a reason, 
itâ€™s hard to accept and we may never understand 
at all, Please open our hearts to Your message
that we may see...what  it is that You want us 
to get and learn from all this...

Mother Mary, when you saw Your Son Jesus 
hanging on the cross, it must have been 
very heavy for you to carry, and yet you still obediently followed. 
Please teach us to have an obedient and trusting heart like yours, that despite this trial, it is not the end. That there is still hope...ğŸŒˆ 
And make all of us, whole again!ğŸ™

Thank you, LORD!
Amen! @jeloj7",,,,,,,,,,,
2661554574657016000,50,0,2021-09-13T03:00:51.000Z,Merlion Park,"ã“ã®å‰ã®å¤œæ•£æ­©
ãƒ¦ãƒ¼ãƒ³ã¨ä¸€ç·’ã«ã€‚
ãªã‚“ã‹ãƒãƒ¼æ§˜ãŒç¥ã€…ã—ã„

æœã‹ã‚‰å¿ƒé…ã€‚
ã‚†ã£ãã‚Šã­ã€‚ã‚†ã£ãã‚Šã€‚

#ã‚·ãƒ³ã‚¬ãƒãƒ¼ãƒ«ã€€#ã‚·ãƒ³ã‚¬ãƒãƒ¼ãƒ«ç”Ÿæ´» #ã‚·ãƒ³ã‚¬ãƒãƒ¼ãƒ«åœ¨ä½ #ã‚·ãƒ³ã‚¬ãƒãƒ¼ãƒ«ãƒ©ã‚¤ãƒ• #ã‚·ãƒ³ã‚¬ãƒãƒ¼ãƒ«æš®ã‚‰ã— #ã‚·ãƒ³ã‚¬ãƒãƒ¼ãƒ«åœ¨ä½æ—¥æœ¬äºº #æ•£æ­©ã€€#å¤œã€€#å¤œæ™¯ã€€#å¿ƒé…äº‹ã€€#ãƒãƒ¼æ§˜ã€€#ãƒãƒ¼ãƒ©ã‚¤ã‚ªãƒ³ã€€#æµ·å¤–ã€€#singapore #singaporelife #merlion #night #walk #walking",,,,,,,,,,,
2661518846187410000,1,0,2021-09-13T01:50:08.000Z,Merlion Park,Throw back yesterday# Enjoy My lifeğŸ˜„,img/img_2661518846187410000.png,52.0,Male,0.013000000000000001,0.028999999999999998,0.001,0.006,0.017,99.945,0.001,0.001
2661513856813473000,21,2,2021-09-13T01:39:57.000Z,Merlion Park,â—‹-â—‹,img/img_2661513856813473000.png,29.0,Male,92.008,0.439,5.207999999999999,0.07400000000000001,14.279000000000002,79.845,0.09300000000000001,0.063
2661453852477732000,197,2,2021-09-12T23:40:44.000Z,Merlion Park,"ã€Waiting for the sunã€

ğŸ“·Canon EOS R5 ï¼‹RF14-35mm f4lisusm 

#ã‚·ãƒ³ã‚«ã‚™ãƒ›ã‚šãƒ¼ãƒ«åœ¨ä½ #æ±äº¬ã‚«ãƒ¡ãƒ©éƒ¨ #ã‚·ãƒ³ã‚«ã‚™ãƒ›ã‚šãƒ¼ãƒ«æš®ã‚‰ã— #ã‚·ãƒ³ã‚«ã‚™ãƒ›ã‚šãƒ¼ãƒ«è¡—æ­©ã #ãƒ€ãƒ¬ã‚«ãƒ‹ãƒŸã‚»ã‚¿ã‚¤ã‚±ã‚·ã‚­ #ã‚«ãƒ¡ãƒ©ã®ã‚ã‚‹ç”Ÿæ´» #ãƒ€ãƒ¬ã‚«ãƒ‹ãƒŸã‚»ã‚¿ã‚¤ã‚·ãƒ³ã‚¬ãƒãƒ¼ãƒ« #ã‚­ãƒªãƒˆãƒªã‚»ã‚«ã‚¤ #ã‚·ãƒ³ã‚«ã‚™ãƒ›ã‚šãƒ¼ãƒ«åœ¨ä½æ—¥æœ¬äºº #ã‚·ãƒ³ã‚«ã‚™ãƒ›ã‚šãƒ¼ãƒ«ç”Ÿæ´» #ãƒãƒ¼ãƒ©ã‚¤ã‚ªãƒ³ #ãƒãƒ¼ãƒ©ã‚¤ã‚ªãƒ³å…¬åœ’ #ç©ºã®ã‚ã‚‹é¢¨æ™¯ #æœé™½ã‚’æµ´ã³ã¦ #ç©ºã®å†™çœŸ #ãã‚‰ã™ãŸãã‚‰ã‚€ #ãƒãƒªãƒ¼ãƒŠãƒ™ã‚¤ã‚µãƒ³ã‚º #marinabaysands #ã‚·ãƒ³ã‚«ã‚™ãƒ›ã‚šãƒ¼ãƒ«ã®æ—¥å¸¸ #merlionpark #merlion #merlionsingapore #merlionparksingapore ##my_eos_photo #canonphotography #sgphotocommunity #eosr5 #rf1435f4l #rf1435f4lisusm",,,,,,,,,,,
2661245912466568700,0,0,2021-09-12T16:47:36.000Z,Merlion Park,,,,,,,,,,,,
2661191911232687000,1703,12,2021-09-12T15:00:18.000Z,Merlion Park,"Sunday Vibes âœ¨
ğŸ“¸By @shirlyhamra 

#exploresingapore #uniquelysingapore #singaporetourism #singaporediscovers #singaporeinsiders #singaporeworld #letsexploresg #singaporeforeveryone #singaporeinsta #singaporetimes #tslfeatures #singaporetoday #singaporeguidebook #sgphotocommunity #natgeoasia #raw_southeastasia #rustlord_unity #destinationearth #tlpicks #mothershipsg #city_features #marinabarrage #singaporelife #whatissingapore #weekendvibes #citylife #tedssingapore #thisissingapore",,,,,,,,,,,
2661185300411659000,3,0,2021-09-12T14:47:10.000Z,Merlion Park,,img/img_2661185300411659000.png,38.0,Male,29.892,0.009000000000000001,0.0,0.0,0.006999999999999999,99.863,0.11900000000000001,0.0
2661149615879353000,17,0,2021-09-12T13:36:16.000Z,Merlion Park,"The last time I'm here on this exact location was Dec2019, spending Christmas with our kids, taking our first photo with merlion as family of five. Who would have thought that few months after that day the world will slow down because of Covid, and honestly it's never easy and I'm not okay until the early part of this year. 

After more than a year, the end still seems unclear, yet what I come to realize is that it's not acceptance but SURRENDER, surrender to God the things not in your control, count your blessings and be grateful and pray because prayers turn our fears and doubts to hope. Hope brings us forward. It helps us to endure ğŸ™ŒğŸ»â¤ï¸

Well, don't know how to end this post, I just really want to appreciate how beautiful Singapore is so I post this, but end up reminiscing and mag arte arte ğŸ˜‚ğŸ˜…ğŸ˜‚

#MKCovidDiaries",img/img_2661149615879353000.png,25.0,Male,17.944000000000003,0.039,0.871,0.064,97.647,0.35200000000000004,0.25,0.777
2661146851440136700,25,0,2021-09-12T13:30:47.000Z,Merlion Park,Fam Day â˜€ï¸ğŸš²,img/img_2661146851440136700.png,34.0,Male,100.0,0.0,0.0,0.0,99.999,0.0,0.0,0.0
2661139198360564000,5,0,2021-09-12T13:16:45.000Z,Merlion Park,â¤ï¸â¤ï¸â¤ï¸,,,,,,,,,,,
2661108638449729000,11,0,2021-09-12T12:14:51.000Z,Merlion Park,"Behind the lion
#Singapore #ì‹±ê°€í¬ë¥´",,,,,,,,,,,
2661105963300482000,3,0,2021-09-12T12:09:33.000Z,Merlion Park,,,,,,,,,,,,
2661103463811001000,17,2,2021-09-12T12:04:35.000Z,Merlion Park,å­é€£ã‚Œã®ãƒ«ãƒ•ã‚£ãŒã™ã’ã‡ã‚¿ã‚¤ãƒŸãƒ³ã‚°ã§ãƒ•ãƒ¬ãƒ¼ãƒ ã‚¤ãƒ³ğŸ‘,img/img_2661103463811001000.png,29.0,Male,1.097,2.18,1.094,0.115,1.7719999999999998,87.02,6.864,0.955
2661084148320853000,11,1,2021-09-12T11:26:12.000Z,Merlion Park,Classic Singapore #singapore #mbs #artsciencemuseum #travel #travelphotography,,,,,,,,,,,
2658979907065273000,251,11,2021-09-09T13:45:27.000Z,East Coast Beach,"á´›Êœá´‡ Éªá´á´˜á´êœ±êœ±ÉªÊ™ÊŸá´‡ Éªêœ± É´á´á´¡ á´˜á´êœ±êœ±ÉªÊ™ÊŸá´‡ ğŸ—

.
.
.
.
.
#danishzehen #coolestbadboi #fambruh #trending #dancing #love #look #hero #badboy #instagram #instafollow #instadaily #gujju_amdavadi #gujaratiwedding #model #mumbai #gujarati #india #tiktok #kerala #inspiration #indiancricket #canonphotography #photographer #333royalrajwadu #fambruharmy #prateekpardeshi #friends #vishalprajapati #fashion",img/img_2658979907065273000.png,27.0,Male,12.142999999999999,0.109,0.172,0.012,0.179,66.72,32.798,0.012
2658524211194416000,12,10,2021-09-08T22:40:04.000Z,East Coast Beach,"When life gets HARD make it HOT!
HAPPY BIRTHDAY TO MEğŸ’™ğŸ’™ğŸ’™ğŸ”¥ğŸ™ğŸ™ğŸ™ #kahitngayonlangmasaya #thankfulgratefulblessed",img/img_2658524211194416000.png,31.0,Female,34.6,0.032,0.032,0.047,0.9109999999999999,8.507,89.73899999999999,0.7340000000000001
2660147215389418000,33,4,2021-09-11T04:24:41.000Z,East Coast Beach,â˜®ï¸âœŒï¸,,,,,,,,,,,
2660471986212617700,1438,21,2021-09-11T15:09:57.000Z,East Coast Beach,"One day, my future self will definitely thank me for what Iâ€™ve decided ğŸ˜‡â™¥ï¸",img/img_2660471986212617700.png,21.0,Female,98.65700000000001,0.012,13.382,0.012,76.02199999999999,0.027000000000000003,0.012,10.535
2660166514950655500,27,1,2021-09-11T05:03:02.000Z,East Coast Beach,Being Happy Never Goes Out Of StyleğŸ˜,img/img_2660166514950655500.png,27.0,Male,56.722,0.153,0.244,0.11,0.887,98.20299999999999,0.389,0.013000000000000001
2657386262127663000,37,0,2021-09-07T08:59:10.000Z,East Coast Beach,Sundays should come with a pause button ğŸ˜… #sundaymood #beachplease,,,,,,,,,,,
2661738974435257000,18,1,2021-09-13T09:07:13.000Z,East Coast Beach,ğŸğŸ¼ğŸ,,,,,,,,,,,
2661737651963912000,1,0,2021-09-13T09:04:36.000Z,East Coast Beach,Mundane Mondays #zc31s,,,,,,,,,,,
2661689078693962000,10,1,2021-09-13T07:28:05.000Z,East Coast Beach,"Twinning! 
.
#shibainu #shibainusingapore #shiba #shibainupuppy #blackshiba #pets #petsofinstagram #dogsofsingapore #dogstagram #puppy #petstagram #eastcoast",,,,,,,,,,,
2661639176777516500,63,1,2021-09-13T05:48:57.000Z,East Coast Beach,Me and my girl.,img/img_2661639176777516500.png,27.0,Male,100.0,0.001,0.002,0.005,99.79799999999999,0.114,0.078,0.001
2661617288725442600,24,3,2021-09-13T05:05:27.000Z,East Coast Beach,Some things I made #crochet #crocheting #crochÃª #hÃ¤kel #hÃ¤kelnmachtglÃ¼cklich #hÃ¤keln #tejer #swisscrochet #hekel #crochetskirt #crochetbag #crochetbag #yarn #wool #slowfashion #handmade #handmadesg #handmadewithlove #madeinsingapore #swissmade #selbstgemacht #handgemacht #handgefertigt #handarbeit #craft #fashion #boho #bohostyle #beachstyle #crochettop #crochettops @cloverusa @furlscrochet @spotlightstores designs from @hooked_by_anna @handsofzeal @brunaticality and myself @the_swiss_crochet,,,,,,,,,,,
2661565089148036000,26,3,2021-09-13T03:21:45.000Z,East Coast Beach,Feeling calm and rediscovering myselfğŸ˜Œ  #singalife#beautiful #beach #sky #relax #twilight #morning #grandmother #earth #lifestyle #singapore #nature,,,,,,,,,,,
2661553264003138000,10,0,2021-09-13T02:58:15.000Z,East Coast Beach,"â€¢ Thank You, Self! â€¢

Hi, Ladies! 

Sudah bilang terima kasih sama dirimu belum? 
Sudah bilang cinta sama jiwamu? 
Sudah menepuk bahu dan bilang, you are doing great, hatiku?

Meski masalah datang silih berganti, air mata jatuh tanpa bisa dibendung lagi, kecewa datang menghampiri, percayalah itu tanda kita masih punya hati. 
Meski terkadang ""being numb"" cukup membantu melewati hari. 
Jangan sering-sering, nanti rasamu jadi makin mati. 

Turunkan saja ekspektasimu pada sesuatu atau seseorang itu. 
Belajarlah untuk lebih banyak berdialog hanya dengan dirimu.
Nyatakan kesukaan dan ketidaksukaanmu pada banyak hal.
Jangan khawatir, tak ada yang bisa menghakimi apapun yang ada di akal. 

Tak perlu banyak mengaduh atau mengadu. 
Anggap saja semua masalahmu adalah cara-Nya menunjukkan kekuatanmu.
Kekuatan yang tak kau tahu hingga saatnya perlu. 

Belajar juga untuk memaafkan diri sendiri, kita masih manusia ini. 
Tempatnya salah dan kerap mengulangi. 
Namanya juga proses mengenali diri. 
Asal berani dan ingat untuk selalu mengapresiasi.
Tak perlu berharap setengah mati didapat dari orang lain.
Cukup seduh secangkir kopi seraya berbisik, ""Terima kasih, DIRI!""

Love, Rere

https://reynsdrain.com/2021/09/13/thank-you-self/",,,,,,,,,,,
2661529676488226000,3,0,2021-09-13T02:11:23.000Z,East Coast Beach,If God carries with Him a box full of coloured pencils âœï¸ğŸ¨you know He is pulling out other colours ğŸŒˆ for other ART MOMENTS all in His treasured perfect timingâ€¦.we are ready only when we are His ART PAPER ğŸ“ğŸ˜€,,,,,,,,,,,
2661527893128992300,73,2,2021-09-13T02:07:50.000Z,East Coast Beach,"I'm a mantou ğŸ

â†

ğ‚ğğƒğ„ğ’ ğŸ›’

[ğ‹ğ”ğ…ğ…ğ˜] Levupets 10% off (@levupets)
[ğ‹ğ”ğ…ğ…ğ˜ğŸğŸ] Livelovebarkco 10% off (@livelovebarkco)

â†

#sheltiesofinstagram #smileshelties #dogsofinstagram #dogsinsingapore #dogsinnature #sheltielove #sheltiegram #shetlandsheepdog #sheltiesofsingapore #sgdogs #dogs #sheltiesingapore #sheltiepage #sheltieoftheday #shelties #canonpets #canonsingapore #discoverunder5k #canonpets #canoneosm6markii #canoneosm6 #canonsg #snapwithcanon #tailsofourlifemodelsearch #gentlepupmodelsearch",,,,,,,,,,,
2661517736299395000,15,0,2021-09-13T01:47:40.000Z,East Coast Beach,i don't chase. i attract. what belongs to me will simply find me.,img/img_2661517736299395000.png,25.0,Female,0.3,0.0,0.0,0.0,0.0,100.0,0.0,0.0
2661430891448336000,1,1,2021-09-12T22:58:33.000Z,East Coast Beach,"Disappointing â›…ï¸ sunrise experience in Singapore East Coast Parkâ€¦ the beach is strewn with trash, coconut trees bare or coconuts (as they are removed) and horizon filled with huge cargo ships spilling out smoke ğŸ˜¢",,,,,,,,,,,
2661431461789631000,8,0,2021-09-12T22:56:15.000Z,East Coast Beach,"#BeingInTheNow
#æ¯ä¸€å¤©éƒ½åœ¨æ­»äº¡
#æ¯ä¸€å¤©éƒ½åœ¨é‡ç”Ÿ",,,,,,,,,,,
2661279364842701300,0,0,2021-09-12T17:54:04.000Z,East Coast Beach,,,,,,,,,,,,
2661279098957347300,4,0,2021-09-12T17:53:32.000Z,East Coast Beach,"æ ¹æ·±ä¸æ€•é£æ‘‡åŠ¨
æ ‘æ­£æ— æ„æœˆå½±æ–œ",,,,,,,,,,,
2661278476497583600,2,0,2021-09-12T17:52:18.000Z,East Coast Beach,,,,,,,,,,,,
2652168357026207000,40,0,2021-08-31T04:12:07.000Z,MacRitchie Reservoir,"""Sometimes you just need to see yourself from someone else's point of view""
.
#qotd",,,,,,,,,,,
2645924360172200000,186,33,2021-08-22T13:37:02.000Z,MacRitchie Reservoir,"Some research suggests that you can start to lose muscle in as quickly as one week of inactivity - as much as 2 pounds if you are fully immobilized. And another study suggests your muscle size can decrease by about 11% after ten days without exercise, even when you aren't bed ridden. 

Thatâ€™s why we need to exercise every few days at the minimum to maintain our muscles. And unfortunately for me, since Iâ€™ve sprained my ankle half a year ago, all my strength are gone. 

Itâ€™s really tough trying to get back into form. My body is flabby all over and I need to start from zero again. Whoever is finding hard to exercise again, Iâ€™m with you!! ğŸ’ªğŸ»

Wearing head to toe @kydraofficial. Their sportswear are comfy and great value! 

#kydra #kydrasquad #gymgirl #workoutmotivation #workoutclothes #gymwear #macritchiereservoir #nparks #singaporeparks #exploresingapore #singapore #sgig #sgexplorer #singaporelife #singaporeinsiders #ootd #ootn #ootdsg #clozette #sgfashion #sggirls #sgbabes #exerciseoftheday",,,,,,,,,,,
2623085234761327000,40,9,2021-07-22T01:09:08.000Z,MacRitchie Reservoir,"à¸–à¹‰à¸²à¸§à¸´à¹ˆà¸‡à¹à¸¥à¹‰à¸§à¸¡à¸±à¸™à¹€à¸«à¸™à¸·à¹ˆà¸­à¸¢..
à¸¥à¸­à¸‡à¸¡à¸²à¹€à¸”à¸´à¸™à¹€à¸£à¸·à¹ˆà¸­à¸¢ à¹† à¹„à¸›à¸”à¹‰à¸§à¸¢à¸à¸±à¸™ ğŸƒâ€â™€ï¸",img/img_2623085234761327000.png,24.0,Female,41.085,0.618,0.024,0.049,1.245,0.037000000000000005,98.00200000000001,0.024
2648874642144849000,558,27,2021-08-26T15:08:05.000Z,MacRitchie Reservoir,Hazy Beam! #walk #naturephotography #singaporetoday #singaporetimes #pickoftheday #healthylifestyle #reservoir #morning #motivation #sginsta #singaporeinsta #singaporelife #singaporeinsiders,,,,,,,,,,,
2643755219797533000,51,2,2021-08-19T13:36:43.000Z,MacRitchie Reservoir,"Have you been here? 

#DidYouKnowSG
""The construction of MacRitchie Reservoir brought deforestation around the area to a halt. The forest surrounding the reservoir has been protected as aÂ water catchment reserve""

Daily showcase of amazing photography of Singapore 

ğŸ“· @yeenling_chong

Keep the tagging goingÂ #gofindsgÂ and follow @gofind.sgÂ for us to feature you. 

Remember to tap the â¤ and 'Follow' us for more daily showcases",,,,,,,,,,,
2631213925208099300,1105,15,2021-08-02T06:19:24.000Z,MacRitchie Reservoir,"My life is not easy, but it's awesome âœ¨ğŸ¤™ğŸ¼ğŸ’•",img/img_2631213925208099300.png,22.0,Female,80.85300000000001,10.838,0.026000000000000002,0.026000000000000002,0.22399999999999998,76.748,0.026000000000000002,12.113
2648574570547465000,224,13,2021-08-26T05:11:54.000Z,MacRitchie Reservoir,"I want my trails just like me - dirty and rough around the edges ğŸ˜œ. 

Stop paving the trails Singapore! This isnâ€™t botanical gardens ğŸ™„",img/img_2648574570547465000.png,27.0,Female,99.993,0.0,0.285,0.0,99.714,0.001,0.0,0.0
2652457086539278300,3,0,2021-08-31T13:45:46.000Z,MacRitchie Reservoir,Calm and peaceful,,,,,,,,,,,
2655194731608724000,239,6,2021-09-04T08:24:59.000Z,MacRitchie Reservoir,After so much rain ğŸŒ§ finally some sun â˜€ï¸ #macritchiereservoir #cycling #lifeisgood,img/img_2655194731608724000.png,34.0,Male,100.0,0.0,0.021,0.001,99.978,0.0,0.0,0.0
2635625976517510700,80,8,2021-08-08T08:25:21.000Z,MacRitchie Reservoir,"Spent part of the long weekend doing a baby hike around MacRitchie Reservoir. Been a while since Iâ€™ve been outdoors thanks to health things and it was kind of really nice
.
.
.
.
#bxinthelittlereddot #visitsg #singapore #igsg #travelgram #wanderlust #dametraveler #shewhowanders #explore",,,,,,,,,,,
2640497187570992000,264,17,2021-08-15T01:43:35.000Z,MacRitchie Reservoir,"This photo has me so happy that itâ€™s the on the lock screen of my phone. Sounds like the vainest thing on earth, I know ğŸ™ˆ But now every time I use my phone I smile a little, and Iâ€™m taking my little joys wherever they exist.

Alsoâ€”this photo is a note-to-self about the parts of me that Iâ€™m so proud of. My resilience, my strength, my optimism, my capacity for joy (and abs!! Super cool how much fitter Iâ€™ve gotten just by showing up every day to a workout). So screw it. This oneâ€™s just for me ğŸ¤ğŸ’›ğŸ§¡",img/img_2640497187570992000.png,19.0,Female,100.0,0.0,0.0,0.0,99.99700000000001,0.003,0.0,0.0
2661654100673071600,9,2,2021-09-13T06:31:37.000Z,MacRitchie Reservoir,"4 things you can do right now in less than a minute to feel empowered now. 

ğŸ“¢Tap unmute
ğŸ‘‚Listen
ğŸ§˜â€â™€ï¸Breathe
ğŸ¤Donâ€™t say a word

Let the sounds of nature energise you and clear away the white noise - itâ€™s a bit of reset on a Monday.

Give me a ğŸ™Œ if it helped!

Donâ€™t ask me what exactly it was that made me hit the record button and not talk straight off, but I did, and hopefully you can see from my face that it was all I needed. No words required!

Try it out sometime!

#clarity #lovemyself #silence #nature #energy #empowered #motivation #listening #nowords #nowordsneeded #anxiety #smiling #happiness #innerpeace #innerhappiness #beingme #happyplace",img/img_2661654100673071600.png,36.0,Female,99.40299999999999,0.046,0.10099999999999999,0.18600000000000003,90.52,0.10099999999999999,8.482999999999999,0.563
2661177969061821400,35,2,2021-09-12T14:32:36.000Z,MacRitchie Reservoir,"Back to MacRitchie since a while. Feeble attempt to balance the weekend overeating ğŸ¤ª

ä¹…é•çš„è³£è”æï¼Œä½†é€±æœ«çš„èƒ¡åƒæµ·å¡è·‘æ°´åº«ä¹Ÿæ²’ç”¨å•¦ğŸ˜‚ #macritchiereservoir #trailrunning #10kmrun #iruntoeat #macritchie",,,,,,,,,,,
2661165862840846000,3,0,2021-09-12T14:08:33.000Z,MacRitchie Reservoir,,,,,,,,,,,,
2661147603409070000,14,1,2021-09-12T13:32:16.000Z,MacRitchie Reservoir,goodbye legs #hiking,,,,,,,,,,,
2661145857513303600,47,1,2021-09-12T13:28:48.000Z,MacRitchie Reservoir,âœŒğŸ»ğŸ‘§ğŸ»ğŸ§‘ğŸ» #hikes #dryfitonlysincecovid,img/img_2661145857513303600.png,23.0,Male,82.54700000000001,10.468,66.984,0.098,20.159000000000002,0.098,2.094,0.098
2661126893624711000,5,1,2021-09-12T12:51:08.000Z,MacRitchie Reservoir,#malayancolugo,,,,,,,,,,,
2661103614102412300,65,4,2021-09-12T12:04:52.000Z,MacRitchie Reservoir,".
Tell me if I'm being strange
and if I need to rearrange
my particles,
I will.

- Nothing but Thieves",,,,,,,,,,,
2661093147023799000,20,3,2021-09-12T11:44:09.000Z,MacRitchie Reservoir,,img/img_2661093147023799000.png,23.0,Female,66.786,2.38,1.392,0.442,63.29,8.254,23.613000000000003,0.628
2661091805537114000,5,0,2021-09-12T11:41:25.000Z,MacRitchie Reservoir,,,,,,,,,,,,
2661083287501308400,13,2,2021-09-12T11:24:29.000Z,MacRitchie Reservoir,,,,,,,,,,,,
2661066423980671500,18,0,2021-09-12T10:50:59.000Z,MacRitchie Reservoir,Beautiful sunset view ğŸ˜,,,,,,,,,,,
2661035145343452700,1634,24,2021-09-12T09:48:50.000Z,MacRitchie Reservoir,".
é‡ç‚¹å¹¶ä¸æ˜¯èƒŒæ™¯ğŸ¤ª
.
.
.
#SGreservoir #bikewithKen #macritchiereservoir #macritchie",img/img_2661035145343452700.png,33.0,Male,100.0,0.0,0.001,0.0,99.977,0.0,0.02,0.002
2661000368489979400,4,1,2021-09-12T08:39:45.000Z,MacRitchie Reservoir,,,,,,,,,,,,
2645177454838482000,2396,72,2021-08-21T12:42:26.000Z,Newton Circle Food Court,"Been craving for some hawker seafood ğŸ¦ğŸ¦€ğŸ¦‘

#thecelebrityagency #TCABenjaminTan #BENtectiveFC #bentanzx #é™ˆæ”¿åº #æ¢å­FC",img/img_2645177454838482000.png,19.0,Male,22.989,0.159,0.017,0.017,98.89299999999999,0.589,0.124,0.201
2655290831922366500,18,2,2021-09-04T11:35:55.000Z,Newton Circle Food Court,"We all know the BEST hokkien mee is at Whampoa market. But hard to go there, so we do 2nd option called Newton 51. New favourite of ours. Only wished was more â€œwetâ€ and more prawns?? 3 prawns in medium pack a bit too little for $8. Nonetheless... I still prefer this stall at Newton. What about you?? Cravings satisfied.. Waited a long time for this!
.
.
#hokkienmee #sgeats #dinner #cravingsatisfied #craving #singaporefood #hawkerfood #localfood #noodles #newton #newtonfoodcentre",,,,,,,,,,,
2659719652881744400,70,0,2021-09-10T14:15:11.000Z,Newton Circle Food Court,Rbf problem:( but yes i was annoyed #singapore #singaporefood #newtonfoodcentre #food #friday,img/img_2659719652881744400.png,21.0,Female,0.201,0.0,0.0,0.0,0.121,99.87299999999999,0.005,0.0
2490796599333414400,1090,21,2021-01-20T12:36:34.000Z,Newton Circle Food Court,"I went for dinner with my Singaporean friend â­ï¸ @funnypunjabiguy â­ï¸ at the â€œfamousâ€ Newton food court and everything is tasteless! ğŸ˜‚ (this is a typical Malaysian at Singapore stereotype lah!) ğŸ‡²ğŸ‡¾ â¤ï¸ ğŸ‡¸ğŸ‡¬

â­ï¸ @funnypunjabiguy â­ï¸",img/img_2490796599333414400.png,21.0,Male,5.075,0.185,70.001,0.185,0.185,0.389,7.406000000000001,21.649
2608938295524483600,12,0,2021-07-02T12:42:42.000Z,Newton Circle Food Court,"Friday evening at Newton food Center !
#friday #evening #newton #food #center #sg #instasg #instafriday #fridayvibes",img/img_2608938295524483600.png,30.0,Female,19.768,0.301,0.589,0.369,26.291999999999998,68.46600000000001,1.537,2.4459999999999997
2649506203781368000,556,7,2021-08-27T12:02:53.000Z,Newton Circle Food Court,"Living a stone's throw away from Newton food court has always been one of the best parts of my neighbourhood. Throughout the last year I've seen our iconic Newton struggle through the uncertainty of the pandemic and while these days I feel like we are more hopeful about the near future, there are still local businesses that need our support to recover from the hurt of the pandemic. A special shout-out to stall 37 Newton Authentic Song See Teochew fish Porridge for filling me with warm broth and comfort on the days I need it the most. 

StarHub is celebrating small local businesses by offering them free marketing support through their website. If you know of any small local heartland stores who could use the support during this time - head on over to www.starhub.com/smallbusinessday to find out ways to support them with @starhub

#celebratethesmall
#starhubcelebratessmall
#smallbusinessday",img/img_2649506203781368000.png,23.0,Female,85.45200000000001,0.12300000000000001,2.8169999999999997,57.433,36.569,0.42,0.067,2.572
2649302736802942500,210,6,2021-08-27T05:18:38.000Z,Newton Circle Food Court,"Donâ€™t know where did @chefshentan go to over the years but just glad sheâ€™s back with @oglemak! Twice-steamed Nasi Lemak paired with that generous portion of oh-so-crispy golden fried chicken and the duo of sambal - this is the kind of plate that will make you go â€˜donâ€™t count the calories, make the calories countâ€.",,,,,,,,,,,
2661752292686505500,25,1,2021-09-13T09:33:41.000Z,Newton Circle Food Court,Itâ€™s been so long since I #shotoniphone âœ¨ Off day well spent!,,,,,,,,,,,
2661692366206042600,180,12,2021-09-13T07:36:58.000Z,Newton Circle Food Court,"Last Thursday, we visited @chefshentanâ€™s new hawker stall @oglemak at Newton Circle Food Centre (#01-16) to indulge in her signature Twice-Steamed Nasi Lemak thatâ€™s made with, get this, eleven ingredients.
I chose the Vegan Set ($9.90), a first by her, and enjoyed it very much. For me, the star was undoubtedly the rice -  it was as light, fluffy and aromatic as I recall. But thatâ€™s not to say I didnâ€™t relish every bite of the beancurd, two sambal stirfries of crunchy sambal goreng and mushy-soft brinjal, because I most certainly did. There was also the fried pieces of tempeh, fresh cucumber slices and a very appetising spicy and tangy chilli sambal that rounded off my vibrant-coloured serving.
@huatkaliao hoovered up every bit of his Chicken Rendang Set ($9.90) which had a whole thigh (itâ€™s tender, moist and saturated in the rich and spicy rempah gravy), a fried egg, ikan bilis, cucumber and two kinds of chilli sambals. 
Whatâ€™s really interesting is that this is the first time Chef Shen has prepared her Nasi Lemak completely pork-free. In fact, the stall is pending approval for their application of a halal license. 
Do stop by @oglemak and show support if you are into nasi lemak ğŸ˜Š",,,,,,,,,,,
2660369227964670500,4,0,2021-09-11T11:45:47.000Z,Newton Circle Food Court,,,,,,,,,,,,
2660072676529051000,13,0,2021-09-11T01:56:35.000Z,Newton Circle Food Court,"I m always in love with Trimbach Emile, never fail to bring a smile on me. The rich dense body full of golden hue apricot, coupled with some oak finish with a good balance of minerals. Lovely!!",,,,,,,,,,,
2659641129880247300,8,3,2021-09-10T11:39:11.000Z,Newton Circle Food Court,Love the rice ğŸš good dish to try once ğŸ˜‹ #OGlemak #hawkerfood #sgfood #throwback #weekday #foodsg #eats #nasilemak #rice,,,,,,,,,,,
2658356928755134500,2,0,2021-09-08T17:07:45.000Z,Newton Circle Food Court,"Hokkien Mee with Oysters...
ğŸ˜‹",,,,,,,,,,,
2655987862047358500,5,0,2021-09-05T10:40:47.000Z,Newton Circle Food Court,Mum at Newton Food Centre; January 2021 #35mm #shotonfilm #kodakcolorplus200 #kodakvintageretrom350,img/img_2655987862047358500.png,33.0,Male,34.984,0.9359999999999999,1.393,0.122,23.64,0.122,70.475,3.312
2655373576137747000,0,0,2021-09-04T14:20:19.000Z,Newton Circle Food Court,"abang no. 6 with daddy yusman &amp; baby dahlia

ğŸ“·: kodak funsaver 35mm
ğŸ:",img/img_2655373576137747000.png,30.0,Male,6.206,0.006999999999999999,11.821,0.006999999999999999,1.6380000000000001,86.29899999999999,0.18100000000000002,0.046
2655291124583078400,0,0,2021-09-04T11:36:30.000Z,Newton Circle Food Court,,,,,,,,,,,,
2655273216055876600,24,1,2021-09-04T11:00:55.000Z,Newton Circle Food Court,It's a Hum Day ğŸ¦ª,img/img_2655273216055876600.png,38.0,Female,100.0,0.0,0.111,0.015,99.87,0.0,0.0,0.004
2655063523294941700,8,1,2021-09-04T04:04:18.000Z,Newton Circle Food Court,It has been long Newton Circus #carrotcake#kopibing#newtonfoodcentre#newtoncircus,,,,,,,,,,,
2653845273086106000,21,0,2021-09-02T11:43:51.000Z,Newton Circle Food Court,"Wanted vege for dinner, didnâ€™t have the energy to cook. Papadams came free a few minutes later. ğŸ™ŒğŸ¼ Al-Noor Biasa, Stall 65",,,,,,,,,,,
2648149143107002000,198,8,2021-08-25T15:06:39.000Z,ArtScience Museum,"ğŸŒŒ
.
.
.
.
.
.
.
#throwback #picoftheday #travelintern #marinabaysands #mbs #marinabay #artsciencemuseum #artsciencemuseumsingapore #futureworld #tb #airjordan #jordan #airjordanwomen #shotoniphone #ootd #tbt #museum #singapore #singaporemuseum #art #marinabaysingapore #oxstreetfavorites #oxstreet #nike #nikeairjordan",,,,,,,,,,,
2636498125235666000,451,1,2021-08-09T13:18:10.000Z,ArtScience Museum,âœ¨,,,,,,,,,,,
2658907955752044000,811,9,2021-09-09T11:23:06.000Z,ArtScience Museum,"#VirtualRealmsASM IS AMAZING!!!!! Theyâ€™re having a super worth it promo from Mon to Thurs starting 13 Sep, tickets from $6.30! Theyâ€™re already on sale and itâ€™s for a limited time only.
 
Not kidding but my experience there was not only fun, it was fulfilling and also kinda spiritual. Working with some friends to activate a musical was so surreal and immersive! I felt so at ease and connected with myself, also just happy to be there with my best friend. x 
 
Itâ€™s the perfect interactive experience no matter who you go with, yâ€™all gotta drop by @artsciencemuseumsg and give yourself a break! â™¥ï¸ #ADifferentKindOfMuseum #Sp",img/img_2658907955752044000.png,25.0,Female,100.0,0.013999999999999999,0.154,2.021,97.236,0.013999999999999999,0.253,0.308
2650199817149884000,765,6,2021-08-28T11:00:59.000Z,ArtScience Museum,"ğŸ”¥ğŸ”¥Destinasi Favorit di Singapura, Save This Post! ğŸ”¥ğŸ”¥

ğŸ”¥ğŸ”¥Beberapa atraksi Singapura sudah dibuka kembali untuk umum. Namun ada beberapa regulasi baru untuk pengunjung. Salah satunya adalah ArtScience Museum Singapore. 

Apa saja nih yang perlu diperhatikan oleh calon pengunjung: 

ğŸ’ŸTiket dibeli secara online
ğŸ’ŸKelompok yang diizinkan maksimal 2 orang
ğŸ’ŸKapasitas pengunjung hanya 25% saja
ğŸ’ŸTetap patuh prokes (menggunakan masker, jaga jarak)
ğŸ’ŸFully vaccinated mungkin dibutuhkan sebagai salah satu syarat

Siapa nih #SGB_Family yang belum pernah explore museum instagramable dan super keren satu ini? 
Save this post untuk rekomendasi liburan kamu di Singapura selanjutnya, ya!

ğŸ’ŸğŸ’ŸAmazing pic by @gracestpetite ğŸ’ŸğŸ’Ÿ

#TravelWithSGB #CityTourWithSGB
#MySecretSingapore #weekendersg
#singaporedestination #singaporecityexplore
#singaporeworld #visitsingapore
#singaporeinsiders #letsexploresg
#singaporecity #singaporelife
#singaporeforeveryone #gofindsg
#wonderlustsingapore #thetravelin
#whatissingapore #thisissingapore #museumoficecream
#exploresingapore #sgarchitecture
#sggrammers #TSLfeatures #sgb_family #sunsetsingapore #helixbridge #universalstudiosingapore #museumicecream",,,,,,,,,,,
2654433216795875000,3,0,2021-09-03T07:12:03.000Z,ArtScience Museum,,img/img_2654433216795875000.png,38.0,Male,36.302,1.4909999999999999,80.934,0.19,9.955,5.335,0.19,1.9040000000000001
2656073419355198000,330,0,2021-09-05T13:30:47.000Z,ArtScience Museum,"ğŸ“¸: @chloetwl I No brighter light than the light that shines within you ğŸ’! Our weekend is complete with @chloetwlâ€™s dazzling capture of Crystal Universe at Future World. 

#FutureWorldASM #FutureWorld #ArtScienceMuseum #photooftheday",,,,,,,,,,,
2653211387350186000,426,25,2021-09-01T14:44:26.000Z,ArtScience Museum,"Go where the stars take you âœ¨

Thank you @bentkr for patiently helping to take this shot ğŸ˜ while waiting for the lights to change a gazillion times âœ¨ilyâ¤ï¸

Feeling so so happy today after a zoom call with @snauw hehehe!! ğŸ˜ğŸ˜˜â¤ï¸wishing we can meet up again soon, hopefully by next year dear! â¤ï¸
â€¢
â€¢
â€¢
â€¢
â€¢
ğŸ“·: @bentkr 
#chloewlootd #birthdayescape #artsciencemuseum #becauseweventuresg #exploresg",,,,,,,,,,,
2636483937993450000,588,6,2021-08-09T13:07:02.000Z,ArtScience Museum,"HAPPY NATIONAL DAY: From old world charm to modern architectural icons, reacquaint yourself with our sleek city of contrasts in a series of three videos celebrating Singapore. #NationalDay #Singapore #VogueSingapore 

Editor-in-Chief: @musingmutley
Director: @glennyourfriend
Director of Photography: @alvinchoon
Fashion Director: @monkiepoo
Digital Creative Producer: @vanessa.caitlin
Hair and makeup: @makeup_by_fionab
Manicure: @audrilious
Model: @fionafussi
Production: @mlctv
Wardrobe: @tods

Special thanks to @artsciencemuseumsg",img/img_2636483937993450000.png,24.0,Female,0.002,0.046,0.004,0.002,0.017,99.921,0.006,0.004
2640044187757328000,69,0,2021-08-14T10:43:33.000Z,ArtScience Museum,"The crystal universe is still up at the Art Science museum 
#singapore",,,,,,,,,,,
2653147617663895000,52,3,2021-09-01T12:37:44.000Z,ArtScience Museum,Dancing in the rain of the arriving hurricane ğŸŒ€ at least itâ€™s gonna be a beautiful mess,,,,,,,,,,,
2657348788815151000,3,0,2021-09-07T07:44:42.000Z,ArtScience Museum,,,,,,,,,,,,
2651002715685996000,132,1,2021-08-29T13:36:27.000Z,ArtScience Museum,"If you could describe the installation at the realm of Unity in one word, what would it be? Ours would be â€œJaw-droppingâ€. 

A huge thank you to @nicolealano for capturing Unity so beautifully! â¤ï¸

#VirtualRealms #VirtualRealmsASM #ArtScienceMuseum #videogames",,,,,,,,,,,
2655790446315621000,967,5,2021-09-05T04:08:34.000Z,ArtScience Museum,"ğŸ¶ La di da di da la di da di di ğŸ¶

P.S. Anyone wanna go on a museum date with me? ğŸ˜Œ

ğŸ“·: @heymilim 

#ArcadeInsider",img/img_2655790446315621000.png,26.0,Male,58.541000000000004,2.3890000000000002,0.08199999999999999,0.4,0.239,96.788,0.051,0.051
2658195955418700000,231,5,2021-09-08T11:49:45.000Z,ArtScience Museum,its our world ğŸ§¸ğŸ¤,,,,,,,,,,,
2657918814718916000,732,4,2021-09-08T02:37:15.000Z,ArtScience Museum,Transcending - Immerse yourself in a world full of colour and just a little magic âœ¨,,,,,,,,,,,
2661741645160297500,45,0,2021-09-13T09:16:41.000Z,ArtScience Museum,feelin like a crisp bagel on my day off in @somethingthold &amp; @indosole_sg ğŸ¥¯,img/img_2661741645160297500.png,24.0,Female,11.863,0.493,1.431,0.099,51.074,0.099,1.966,44.838
2661733075767405000,1,0,2021-09-13T08:55:30.000Z,ArtScience Museum,"Interested to find out more about the future of the gaming industry in Singapore? Hear from industry experts in this two-day conference that @artsciencemuseumsg organized in collaboration with Singapore Games Association. Day One focuses on creativity and innovation in the local game development scene and three of our graduates - Desmond Wong, Shawn Toh, and Syarah Mahmood - will be part of the panel discussion. Tune in to hear what they have to say!

Register now: https://rebrand.ly/FutureGamingConference
#digipensingapore #gamedevelopment #gamedev #gamedevlife #gamedesign #digitalartist #indiegamedev #technology #artsciencemuseum",img/img_2661733075767405000.png,31.0,Male,99.99700000000001,0.03,0.016,0.332,99.522,0.092,0.003,0.003
2661731695069559000,1,0,2021-09-13T08:53:23.000Z,ArtScience Museum,"So whether you eat or drink or whatever you do, do it all for the glory of God. 

1 Corinthians 10:31. When you bring God into your healthy eating, it changes everything. Striving to honor Him in your food and drink choices will bring not only a heart change, but it will also change your choices.

BNG health run 2012
Be active be healthy Letâ€™s run as a Brotherâ€™s and Sisterâ€™s 
APO runnerâ€™s Singapore (charot lang)âœŒï¸ğŸ¤ªâ¤ï¸",,,,,,,,,,,
2661682892222448600,10,4,2021-09-13T07:15:48.000Z,ArtScience Museum,Having fun at Singapore art museum.,,,,,,,,,,,
2661668917446390300,7,0,2021-09-13T06:49:16.000Z,ArtScience Museum,"Step into the Future World: Where Art Meets Science, Exhibtion.
@artsciencemuseumsg 
@marinabaysands 

Welcome to a world of fantasy, illustration and magical through a collection of digital interactive environment. 

Future World comprised of artworks and interactive environment of digital technology in a playful reality.

Now showing:
www.marinabaysands.com/museum/exhibitions/future-world.html 

Daily: 10am-7pm
(Last entry at 6pm)

You can book your tickets:
www.marinabaysands.com/museum/ticket.html 

#ArtScienceMusuem
#MarinaBaySands
#futureworld #exhibition #cityinagarden #sanctuary #park #space #tour #interactive #musuem #supportlocal #supportlocaltourism #singapore #singaporecity #singaporecitycentre",,,,,,,,,,,
2661549319689067000,17,1,2021-09-13T02:50:25.000Z,ArtScience Museum,"New week again, happy Monday ğŸ¥°
âœ¨Once you figure out who you are and what you love about yourself, it all kindof falls into place :)
.
.
.
#yoga #yogasg #yogagirl #happymonday #yogaposes #standingsplit #flexibility #yogisofinstagram #yogaeverywhere #yogaloversâ¤ï¸ #ç‘œä¼½ #ç‘œä¼½å¥³å­© #viviwithyou #ustudiosg",img/img_2661549319689067000.png,23.0,Female,91.834,0.05,0.05,2.334,94.522,0.341,0.05,2.654
2661281663937165000,20,0,2021-09-12T17:58:38.000Z,ArtScience Museum,"Letters Reflection 

ğŸ“¸Zany_Photos",,,,,,,,,,,
2661268017522407400,0,0,2021-09-12T17:31:31.000Z,ArtScience Museum,,,,,,,,,,,,
2661252502476689400,124,1,2021-09-12T17:00:41.000Z,ArtScience Museum,#LilieWodne ğŸŒ·ğŸƒ // #WaterLily,,,,,,,,,,,
2661248564231233000,28,1,2021-09-12T16:52:52.000Z,ArtScience Museum,""" you showed me ... that love can exist in th most imperfect, lost and broken people. "" // just my fav photo to date w my fav person, unquestionably!",img/img_2661248564231233000.png,30.0,Female,99.992,0.091,0.004,0.004,99.55,0.188,0.004,0.159
2661195719561439700,15,5,2021-09-12T15:07:52.000Z,ArtScience Museum,"#sunset run for todayâ€¦ ğŸŒ‡ğŸƒğŸ»â€â™€ï¸

#singapore #sg #instaphoto #garden #jogger #littlereddot #instacity #city #citygarden #goodevening #sports #marinabaysands #cbd #running #walking #jogging #architecture #architecturephotography #skyline #artsciencemuseum #reflection #travelphotography #traveling #travelgram #lotus #flowers #nofilter #nightlife #citylife",,,,,,,,,,,
2661195443960483300,77,1,2021-09-12T15:07:19.000Z,ArtScience Museum,"The wait is over
The time is now, so let's do it right
Yeah, we'll keep going
And stay up until we see the sunrise
-permission to dance
ğŸ“¸ @ellysafebywardhani",img/img_2661195443960483300.png,39.0,Female,85.63600000000001,0.13,0.263,0.035,3.9530000000000003,95.09,0.035,0.495
2587648308422803000,2125,34,2021-06-03T03:42:18.000Z,"Holland Village, Singapore","ğŸ¦ 

#sgvacaydiary",img/img_2587648308422803000.png,22.0,Female,9.953,0.004,0.067,0.004,97.538,2.298,0.03,0.06
2655098514611940400,14,0,2021-09-04T05:13:49.000Z,"Holland Village, Singapore","Lip smacking nasi padang with the works: #muttonrendang , #bergadil, #chickendrumstick , #quaileggs in sambal and #ladiesfinger . At $15 (including drink) it was quite worth it, considering this was at Takashimaya food court and the portions were generous -sized.  Be warned though, the chili was fiery hot but I thoroughly enjoyed the meal #nasipadang #sgeats #sgfood #eatlocal #foodie #malayrice #rice #singaporefood",,,,,,,,,,,
2661776339974169000,63,2,2021-09-13T10:21:28.000Z,"Holland Village, Singapore","The Four Heavenly King from @oldsengchoong is an ideal gift for the Mid Autumn Festival. The dainty treats featured here are of the below flavors
.
ğŸ”¸White Lotus Paste with Yolk Blend
.
ğŸ”¸Black Truffle Red Lotus Paste with Bakwa
.
ğŸ”¸ Hae Bee Hiam Red Lotus Paste 
.
ğŸ”¸Bird Nest Pandan Gula Melaka 
.
ğŸ“£ Order your mooncakes from @oldsengchoong and many other local and overseas brands at https://store.takashimaya.com.sg . @takashimayasg Mid Autumn Festive Celebrations is also happening now till 21 Sep at Talking Hall B1 and Food Hall B2
.
ğŸ¢ 391 Orchard Road Singapore 238873
.
ğŸ•š Opening Hours: Daily: 10.00am to 8.00pm
.
ğŸ’Œ Tks @takashimayasg @oldsengchoong for arranging!
.
#sgfood #foodstagram #sgfoodies #singaporefood #sgfoodblogger #singaporefoodie #onthetable #sginfluencer #singaporeinsiders #savefnbsg #singaporefoodie #singaporeinsiders #zipkick #sgeats #foodsg #singaporeeats #foodphotography #sgfoodtrend #hungrygowhere #sgfoodporn #foodiesg #sgfoodlover #stayhomesg #sgdelivery  #kenpgleats #midautumn2021 #midautumn #mooncake #mooncakes",,,,,,,,,,,
2660996873933711000,7,0,2021-09-12T08:32:48.000Z,"Holland Village, Singapore",Ice cream ğŸ¦ and waffle ğŸ§‡  dessert #foodie,,,,,,,,,,,
2660953786325172700,38,0,2021-09-12T07:07:12.000Z,"Holland Village, Singapore","Berluti Emblematic Jour briefcases

#berlutiparis #berlutinac #gulliverjour #unjour #deuxjour #scritto #patina #briefcase",,,,,,,,,,,
2660257621344213500,674,5,2021-09-11T08:04:02.000Z,"Holland Village, Singapore","People can sometimes get overly bias towards selected channels

#skyline #cbd #singapore #skyscraper #shoppingmall #clouds #sky #building #nature #archdaily #architecture #design #instaskyline #horizon #perspective #sunshine #sunset #sunrise #streetview #citycentre #cityscape #instaclouds #cloud #cloudporn #mall #heritagebuilding #skyscrapers #streetsofsingapore #streetphotography #orchardroad",,,,,,,,,,,
2660165811239217000,9,0,2021-09-11T05:01:38.000Z,"Holland Village, Singapore",å·±æ‰€ä¸æ¬² å‹¿æ–½äºäºº å¥½å§ğŸ™„,,,,,,,,,,,
2659750963501440500,4,0,2021-09-10T15:17:58.000Z,"Holland Village, Singapore",( Í¡Â° ÍœÊ– Í¡Â°),,,,,,,,,,,
2659634243120256500,17,0,2021-09-10T11:25:30.000Z,"Holland Village, Singapore",Wonderful Day Catching Up 20 Yrs Old Friend Which Very Supportive Since Day One ... Never Forget Thank You ğŸ˜Š,img/img_2659634243120256500.png,32.0,Male,100.0,0.035,0.059000000000000004,0.037000000000000005,93.993,5.551,0.299,0.026000000000000002
2659479478463304700,33,3,2021-09-10T06:18:00.000Z,Gardens by the Bay,I miss travelling! ğŸ¥º,img/img_2659479478463304700.png,25.0,Female,99.979,0.001,0.924,0.005,98.662,0.001,0.40700000000000003,0.001
2658213027376392000,30,1,2021-09-08T12:21:48.000Z,Gardens by the Bay,"Mid-week reflection: Started at a new Firm at a new office, with a new team and working on new files. The experience has been really great so far! I will work hard but at the same time, I am praying very hard that the good feeling will be here to stay. ğŸ’ªğŸ»ğŸ’ªğŸ» (ğŸ“¸: Credit to my FiancÃ©, he successfully upgraded his photography skills after 5 years of training)",,,,,,,,,,,
2659044946755441700,1,0,2021-09-09T15:54:40.000Z,Gardens by the Bay,,,,,,,,,,,,
2658901270056984600,120,8,2021-09-09T11:09:13.000Z,Gardens by the Bay,Thinking about this dress andâ€¦â€¦.,img/img_2658901270056984600.png,19.0,Female,75.217,18.785999999999998,0.08800000000000001,0.128,0.047,0.047,0.727,80.17699999999999
2659567996863186400,2,1,2021-09-10T09:15:14.000Z,Gardens by the Bay,ğŸŒ±in Tree Park ğŸŒ³,,,,,,,,,,,
2658805454380852000,18,0,2021-09-09T07:58:50.000Z,Gardens by the Bay,"If you are a plant lover, you go to @gardensbythebay . period. 
P.S. Better to bring your plant buddies ğŸ‘§
#plantbuddies #teamplantlove #gardensbythebay",img/img_2658805454380852000.png,34.0,Female,93.899,3.1710000000000003,0.026000000000000002,0.026000000000000002,4.63,0.124,91.99799999999999,0.026000000000000002
2659630586248193000,9,0,2021-09-10T11:18:14.000Z,Gardens by the Bay,"Took 2 days off to rejuvenate. Consider this a belated 4th anniversary since I was in and out orientations in June. Coming soon: more photos of the wonderful Chihuly's glass installations at Gardens by the Bay. 

We had much fun with Fanny and Stephen's mandala making workshop. A 1 hr, picnic-esque couple activity with the Setting Sun behind us, and the blue, blue sky above.",img/img_2659630586248193000.png,20.0,Male,77.528,0.113,0.02,97.469,0.02,2.084,0.139,0.155
2659462923460376000,29,1,2021-09-10T05:45:23.000Z,Gardens by the Bay,"It's another Friday but not just any Friday for us. It's Bra-free Friday ğŸ™ŒğŸ» with our new padded tee!! ğŸ¤© Experience new found freedom with this piece, available in 4 colours and also as a bundle deal! ğŸŒŸ Explore more on www.firststitch.co ğŸ˜‰â 
.â 
.â  â 
.â 
#iwearfirststitchâ 
#paddedtopâ 
#basicsâ 
#newlaunchâ 
#gardensbythebayâ 
#firststitchcoâ 
#tiongbahruâ 
#styleinspirationâ 
#casualstyleâ 
#casualoutfitâ 
#comfyâ 
#bohochicâ 
#girlbossâ 
#fempreneurâ â 
#SingaporeShoppingâ 
#Singaporedesignerâ 
#madeinsingaporeâ 
#madewithpassionsgâ 
#passionmadepossibleâ ",img/img_2659462923460376000.png,20.0,Female,95.48100000000001,0.235,0.016,0.066,99.59100000000001,0.009000000000000001,0.062,0.02
2659024410580550700,13,0,2021-09-09T15:13:52.000Z,Gardens by the Bay,Childrenâ€™s Festival,img/img_2659024410580550700.png,29.0,Female,100.0,0.0,0.001,0.0,99.99799999999999,0.0,0.0,0.0
2659723019969139000,218,6,2021-09-10T14:21:53.000Z,Gardens by the Bay,"ğŸŒ¸ Ein absolutes Muss fÃ¼r Urlauber und Blumenliebhaber, die in Singapur sind, ist definitiv das ParkgelÃ¤nde ""Gardens by the Bay"", welches auf kÃ¼nstlich aufgeschÃ¼ttetem Land angelegt wurde. ğŸŒºğŸŒ¼ğŸŒ¸ğŸŒ·

ğŸ“· Credits @kopi.cat 

#nelliflower #gardensbythebay #singapur #singapore #malaysia #travelphotography #travelgram #reisegram #summervibes #letsgosomewhere #justbackfrom #beach #beachlife #beachgirl #travelinspo #flowergirl #instagrammableplaces #instagrammable #ourplanetdaily",img/img_2659723019969139000.png,54.0,Female,11.552999999999999,0.11800000000000001,1.162,0.044000000000000004,81.117,14.026,1.222,2.311
2659625943424694000,13,0,2021-09-10T11:09:00.000Z,Gardens by the Bay,"To harness their autistic beneficiariesâ€™s splinter skills in art, @omakglobal.officialâ€™s partnered charity, @arts.at.metta regularly take their artists out to iconic landmarks in Singapore as a way to help them expand their creativity and incorporate new concepts and ideas into their artwork. 

Hereâ€™s a behind-the-scene of a day out with Mettaâ€™s autistic beneficiaries who, for the first time, was permitted to experiment with freehand sketching during Mettaâ€™s organised still art sketching activity at @gardensbythebay! ğŸŒ¸ ğŸŒ¸ 

Learn more about Autism through our quiz / find out how you can support Mettaâ€™s autistic beneficiaries through OMAK, including these budding artists, from infancy to adulthood today (Link in Bio)!

â€¢â€¢â€¢ 

#autistickids #autisticadults #autisticpride #autisticwomen #autisticlife #autisticandproud #autisticchildren #autisticspectrum #autisticgirls #autisticchild #autisticspectrumdisorder #autisticwoman #autisticteen #autisticmom #autistictoddler #autisticpeople #autistickid #autisticcommunity #autisticdad #autisticdaughter #highfunctioningautistic #autisticjoy #Singapore #SgAutistic #CharityCauses",,,,,,,,,,,
2661803213937609700,0,0,2021-09-13T11:14:51.000Z,Gardens by the Bay,"Great time with my wife and mama Raji. Super blessed. Thank God also for His mercies on me. He is faithful always! 

Thankful for my wife with the impromptu visitation to Gardens by the bay. 

 #gardensbythebay #singapore",img/img_2661803213937609700.png,26.0,Female,93.84899999999999,0.016,0.354,0.095,19.72,79.783,0.016,0.016
2661796545287192000,44,1,2021-09-13T11:02:10.000Z,Gardens by the Bay,Evening runs by the bay - something I have definitely missed.,,,,,,,,,,,
2661795381351610400,0,0,2021-09-13T10:59:18.000Z,Gardens by the Bay,"Gardens by the Bay, Singapore",,,,,,,,,,,
2661777227204319000,6,0,2021-09-13T10:23:13.000Z,Gardens by the Bay,The very tired caterpillar after completing this trail activities #GardensbytheBay #GBBChildrensFest #ArtZooWonderGardens,img/img_2661777227204319000.png,24.0,Female,43.391000000000005,0.083,0.132,0.083,10.447000000000001,74.575,7.718,6.962000000000001
2661756748899398700,0,0,2021-09-13T09:42:32.000Z,Gardens by the Bay,No noise and smooth.,,,,,,,,,,,
2661727579594336000,16,1,2021-09-13T08:44:35.000Z,Gardens by the Bay,"&lt;ğŸ‡©ğŸ‡ª&gt; Wenn du mÃ¼de wirst, erst dich auszuruhen, nicht aufzuhÃ¶ren
&lt;ğŸ‡¬ğŸ‡§&gt; If you get tired, learn to rest, not to quit",img/img_2661727579594336000.png,32.0,Male,76.79,0.001,0.001,0.001,99.76,0.083,0.11599999999999999,0.039
2661711171410154000,24,0,2021-09-13T08:11:59.000Z,Gardens by the Bay,"Hey Monday, tighten that ponytail, its about to go down!",,,,,,,,,,,
2661693425251127300,162,4,2021-09-13T07:36:43.000Z,Gardens by the Bay,"One dayğŸƒ, you will thank ğŸ™ğŸ½yourself for never giving up, for holding on, for staying alive long enough to finally meet the version of yourself you've always prayed for âœ¨ğŸ¤ğŸ½

#gardensbythebay 
#selflove#instapicture#instaworld #instamood#instalife#picofthedayğŸ“· #goodvibesonly#begood#bekind#beyourself#behappy#liveyourbestlife#enjoythelittlethings#staypositive#staystrong#stayfocusedğŸ’¯#birthdaypicture #dreambig#trustgodsplan#donttrusyanyone#2021#sglifeğŸ‡¸ğŸ‡¬#labelmodelofpoznclicks#exclusivemodelforpoznclicks",img/img_2661693425251127300.png,23.0,Female,15.644,0.09699999999999999,0.013000000000000001,0.005,0.045,99.806,0.018000000000000002,0.016
2661691772059645000,7,1,2021-09-13T07:33:26.000Z,Gardens by the Bay,We hvn't jealous ğŸ˜œğŸ˜œğŸ˜œ,img/img_2661691772059645000.png,24.0,Male,0.18100000000000002,94.743,0.003,0.003,0.003,0.326,4.918,0.003
2661681103517384000,37,0,2021-09-13T07:12:15.000Z,Gardens by the Bay,NOISY CLUB.,img/img_2661681103517384000.png,5.0,Female,20.364,0.292,26.521,0.057,0.057,0.6859999999999999,71.166,1.222
2661661327013299000,73,1,2021-09-13T06:32:57.000Z,Gardens by the Bay,"Singapore. 2021.

Fujifilm X100V
.
.
.
#fujifilm_xseries #fujix100v #x100v #capturestreets #repostmyfujifilm #singaporeğŸ‡¸ğŸ‡¬ #fujifilmsg #fujixfam #fujifilm_global #fujiframez #fujilove #classicnegative #fujifeed #fujifeedstreet #film #lensculturestreets #ourstreets #streetphotographers #streetsnappers",,,,,,,,,,,
2661649093437016600,39,1,2021-09-13T06:08:39.000Z,Gardens by the Bay,"OPENING TOMORROW!
Supertree Grove, Singapore, 2020. 50x70 cm film photography printed on C-Print HahnemÃ¼hle Fine Art Paper with LED backlighting 
.
This picture is part of my long term project Midnight Sun. My ongoing work is focused on how the progress of light technology allows humans to â€˜coloniseâ€™ the night and its negative effects for both animals and humans
.
Iâ€™m going to exhibit some pictures and videos at HYBRIDS: Forging New Realities as Counter-Narrative @melkwegexpo in Amsterdam and @futuresphotography @photoespana_ at @cbamadrid in Madrid
.
Come to the opening!!!
.
.
.
.
#exposicion #carlosalba #exposicionesmadrid #circulobellasartes #photoespaÃ±a #phe21 #futuresphotography #singaporenightlife #singaporenight #amsterdamart #bishan #fotografiaanalogica #filmisnotdead",,,,,,,,,,,
2661633398226144000,57,1,2021-09-13T05:37:28.000Z,Gardens by the Bay,"Located by the Marina Bay Waterfront in the heart of Singapore, Gardens by the Bay is a sanctuary for nature lovers. Since its completion in 2012, the gardens have become a global phenomenon and attract millions of visitors a year. 

Among the standout features are the famous Supertree structures. These offer an impressive skywalk over the gardens, with oversized seashell-shaped greenhouses that recreate chilly mountain climates. 18 distinctive Supertrees and 2 cooled Conservatories provide futuristic landmarks. The Flower Dome provides an indoor environment for plants from the Mediterranean climate and the Cloud Forest is home to endangered species from tropical cloud forest.

Don't miss the spectacular sound and light show at night. 
#singapore #2016 
.
.
.
.
.
.
.
.
.
.
.
#gardensbythebay #garden #travel #travelgram #wanderlust #instatravel #traveling #travelholic #traveltheworld #travelling #picoftheday #travelphotography #instagood #trip #photooftheday #explore #igtravel",img/img_2661633398226144000.png,33.0,Female,14.564,0.0,0.0,0.0,0.0,99.99600000000001,0.0,0.003
2661627794954900500,4,0,2021-09-13T05:27:09.000Z,Gardens by the Bay,Sunday vibes ğŸ¤£,img/img_2661627794954900500.png,25.0,Female,0.21600000000000003,0.812,0.174,0.086,0.002,98.867,0.002,0.057
2661599017768013000,28,4,2021-09-13T04:29:09.000Z,Gardens by the Bay,"Supertree Grove @ Gardens By The Bay! ğŸŒºğŸŒ¸ğŸŒ¼ My very first full background commission piece! ğŸŒˆ i love how the colours came together so well, hoping that this will be a great gift for the couple! (Fun fact: They ROM-ed at GBTB ğŸ’)
-

#embroidery #embroideryart
#embroideryflowers #embroiderywork #embroiderypattern #embroiderystiches #embroideryartwork #embroiderylife #embroidersofinstagram #embroideryinstaguild #handmade #fashion #handembroidery #art #embroiderydesign #sewing #style #design #embroidered #onlineshopping #embroiderylove #love #sgembroidery #dmcthread #dmcembroidery #portraitembroidery #singapore #portrait #gardensbythebay #wedding",img/img_2661599017768013000.png,30.0,Male,30.443,0.073,0.025,0.025,70.82,25.919,0.025,3.114
2659074969726018000,2687,95,2021-09-09T16:54:19.000Z,Singapore Zoo,That time when I literally used a pen and checked every animal I saw in the Zooâ€™s map when I was walking around. Am I the only one who does that? ğŸ˜ğŸ˜‚,img/img_2659074969726018000.png,33.0,Female,23.474,2.2969999999999997,0.31,0.727,57.364,8.921,0.6970000000000001,29.683000000000003
2655957317790810600,1336,2,2021-09-05T09:40:06.000Z,Singapore Zoo,the other day at the zoo ğŸ˜,img/img_2655957317790810600.png,30.0,Female,100.0,0.005,0.0,0.6559999999999999,99.28200000000001,0.0,0.055999999999999994,0.0
2647519147716987000,96,17,2021-08-24T18:14:58.000Z,Singapore Zoo,ğŸŒºğŸŒº,img/img_2647519147716987000.png,19.0,Female,0.04,0.009000000000000001,0.009000000000000001,0.009000000000000001,82.476,17.317,0.016,0.165
2660247953628807700,3408,40,2021-09-11T07:45:01.000Z,Singapore Zoo,"A lot of mental cases nowadays, what would you do if your neighbor does this to you. 
___________
Â #singaporeanÂ #singaporeansÂ #sgigÂ #igsgÂ #singaporeinstaÂ #instasingaporeÂ #instasgÂ #sginstaÂ #singapore_instaÂ #singaporeigÂ #igsingaporeÂ #thisissingaporeÂ #singaporefindsÂ #singaporecityÂ #sgviral #sgnews #exploresingapore #singapuraviral #sgfollowsall #singaporeforever #mothership #sgunited",,,,,,,,,,,
2658962964981573000,229,13,2021-09-09T13:11:47.000Z,Singapore Zoo,with my fancy pal,,,,,,,,,,,
2660978215762703400,55,0,2021-09-12T07:55:44.000Z,Singapore Zoo,"Chicken Curry Noodle #asianfood #singapore #asiancooking #curry #ahmengrestaurant 
Healthiness â˜…â˜†â˜†â˜†â˜†
Presentation â˜…â˜†â˜†â˜†â˜†
Service &amp; Setting â˜…â˜…â˜…â˜†â˜†
Effort &amp; Creativity â˜…â˜†â˜†â˜†â˜†
Food Flavour &amp; Texture â˜…â˜†â˜†â˜†â˜†",,,,,,,,,,,
2649616821392835000,126,9,2021-08-27T15:42:40.000Z,Singapore Zoo,you shine the lights that stop me turn to stone,img/img_2649616821392835000.png,29.0,Female,99.164,0.002,0.002,5.9639999999999995,93.949,0.002,0.07400000000000001,0.006999999999999999
2650929891052465700,67,28,2021-08-29T11:11:44.000Z,Singapore Zoo,"What a Fun day at Singapore Zoo with these two @skipbaloo @jumpropechelle 
.
.
Active wear from @laurentactive 
.
.
#goodvibes #funtimes #happySunday #sundayfunday",img/img_2650929891052465700.png,25.0,Female,99.98100000000001,10.53,22.081999999999997,8.957,11.247,46.918,0.133,0.132
2655504880885829000,3,0,2021-09-04T18:41:11.000Z,Singapore Zoo,ğŸ’,img/img_2655504880885829000.png,34.0,Male,3.409,0.001,0.006,0.001,0.003,99.961,0.001,0.028999999999999998
2661802682112951300,1,0,2021-09-13T11:13:48.000Z,Singapore Zoo,Was only there for 5 mins &amp; it started to rain:'),img/img_2661802682112951300.png,28.0,Female,99.999,0.0,0.0,0.0,99.999,0.0,0.0,0.0
2661771765665303600,0,0,2021-09-13T10:12:22.000Z,Singapore Zoo,,img/img_2661771765665303600.png,25.0,Male,0.265,1.785,97.37799999999999,0.013999999999999999,0.006999999999999999,0.235,0.006999999999999999,0.573
2661749773085607400,6,1,2021-09-13T09:28:41.000Z,Singapore Zoo,"#96mitchell96's photography 
#zooÂ #singaporezoo #Zebra #GrevysZebra #Africa #fauna #nature #wildlife #wildlifephotography #zoophototips #zoophotographyÂ #outdoorsÂ #explore #animalsÂ #animalphotos #zoophotoÂ #Canon #Canon80D #canonsg #zooanimals #world_bestanimal #sigma #Sigma150600 #bonvac_fauna",,,,,,,,,,,
2661694106506654000,0,0,2021-09-13T07:39:37.000Z,Singapore Zoo,"Obat Herbal Kanker
Jika anda mengalami keluhan seputar kanker atau tumor bisa segera konsultasikan keluhan anda ke nomor 081229954415 ( call SMS ) 
WhatsApp ğŸ‘‡ http://www.wasap.my/+6281229954415
Untuk mendapatkan produk DeNature yg asli 

#kanker #obatherbalkanker #kangker #obatalamiuntukkanker #obattradiaionalkanker #obatkankerpayudara
#obatbenjolandipayudara #obattumorpayudara #obattumorganasdipayudara #obatalamikankerpayudara #obatherbalkankerpayudara #obatnyeridipayudara #obatbenjolansakitdipayudara #obattumorjinak #obattumorganas #obatkista #obatkelenjargetahbening #obatlipoma #obatkankerpayudarastadiumlanjut #obatgejalakankerpayudara #caramengobatikankerpayudara #obatkankerdiapotik #obatkankerpayudarapalingampuh #obatbenjolandiketiak #caramengobatikankertanpaoperasi #obatkankerserviks #obatkankerotak #obatkelenjartiroid #obatgondok #obatkankerdarah",img/img_2661694106506654000.png,21.0,Female,99.975,0.039,3.44,0.237,39.077,0.039,56.976000000000006,0.192
2661679027279154700,11,0,2021-09-13T07:08:07.000Z,Singapore Zoo,"happy lizard ğŸ™‚ school started today for me, hope everyoneâ€™s having a pleasant monday!

Shot on Sony Î±7iii + Canon EF 70-300mm f/4.0-5.6 IS II USM Lens

#hellofrom Singapore ğŸ‡¸ğŸ‡¬

#sony #sonyphotography #sonyalpha #sonya7iii #a7iii #alpha7iii #photography #justgoshoot #photogram #capture #photographydaily #lightroom #visuals #throughthelens #singaporezoo #wildlifephotography @wrs.ig @sonyalpha @lightroom",,,,,,,,,,,
2661602882449035300,111,5,2021-09-13T04:36:50.000Z,Singapore Zoo,"Guess who's back
Back again
Shady's back
Tell a friend",img/img_2661602882449035300.png,23.0,Male,99.991,0.0,0.057999999999999996,0.0,99.939,0.001,0.0,0.001
2661596523879399000,12,1,2021-09-13T04:24:12.000Z,Singapore Zoo,"#96mitchell96's photography 
#zooÂ #singaporezoo #Panda #GiantPanda #RiverSafari #fauna #nature #wildlife #wildlifephotography #zoophototips #zoophotographyÂ #outdoorsÂ #explore #animalsÂ #animalphotos #zoophotoÂ #Canon #Canon80D #canonsg #zooanimals #world_bestanimal #sigma #Sigma150600 #bonvac_fauna",,,,,,,,,,,
2661592833000858600,58,3,2021-09-13T04:16:52.000Z,Singapore Zoo,"Our family outing to the Zoo today was made less enjoyable due to the wet weather. I guess we will revisit this place when Liam is slightly older. Bye bye animals!

#lokijjs #singaporezoo #singaporezoologicalgardens #wrs #familydayout #ilovemyfamily #bbc #liamcheong",img/img_2661592833000858600.png,39.0,Male,99.999,0.006999999999999999,0.027000000000000003,0.044000000000000004,99.806,0.05,0.006999999999999999,0.057999999999999996
2661590387685477400,34,0,2021-09-13T04:12:00.000Z,Singapore Zoo,Monday? Sloth-yay?? #Tbt to our trip to the @singaporezoo @wrs.ig,img/img_2661590387685477400.png,58.0,Female,35.996,7.379,58.823,0.115,31.684,1.5759999999999998,0.115,0.308
2661440590256095700,9,2,2021-09-12T23:14:23.000Z,Singapore Zoo,"#96mitchell96's photography 
#zooÂ #singaporezoo #kangaroo #greykangaroo #marsupial #outback #australia #fauna #nature #wildlife #wildlifephotography #zoophototips #zoophotographyÂ #outdoorsÂ #explore #animalsÂ #animalphotos #zoophotoÂ #Canon #Canon80D #canonsg #zooanimals #world_bestanimal #sigma #Sigma150600 #bonvac_fauna",,,,,,,,,,,
2661284443947164700,1,0,2021-09-12T18:04:09.000Z,Singapore Zoo,ğŸ¼,,,,,,,,,,,
2661284126035726300,1,0,2021-09-12T18:03:31.000Z,Singapore Zoo,ğŸ¦ï¸,,,,,,,,,,,
